customer_id,age,session_duration_mins,pages_visited,clicks,time_on_site_mins,previous_purchases,cart_additions,device_type,browser,region,membership_level,discount_applied,time_since_last_visit_days,will_purchase
1bba3a55-6e93-46d3-ac7c-f4f043279ec1,56,6.46,14,113,25.32,14,7,mobile,Edge,West,silver,0,54,0
d7e78e7a-ecac-412c-aafa-34f7b7585b96,69,4.75,41,194,29.87,17,12,desktop,Safari,Central,platinum,1,333,0
c4f7b4e1-819f-4ccd-b127-d54db2e80065,46,2.21,5,14,6.28,18,1,tablet,Safari,North,silver,0,32,0
c2f9571a-d7ce-4d3d-8333-74a8b021d92d,32,0.91,11,195,5.41,15,9,tablet,Firefox,East,none,0,220,0
10d2786a-67de-4979-bb4d-a2bc90567ef2,60,4.35,18,188,20.12,17,4,mobile,Firefox,Central,platinum,0,116,0
2f7ce6da-a678-418d-80da-3bbf35e01dac,25,3.52,31,128,16.64,21,11,mobile,Chrome,East,gold,1,59,0
9f86527b-4075-4b75-8867-ad6e7235dc99,38,1.81,15,173,5.78,29,12,tablet,Edge,Central,silver,0,358,0
1ca745a6-f6b4-4cb6-957c-9e400d120135,56,4.9,40,151,3.6,23,9,tablet,Edge,South,platinum,0,246,1
3db1467d-cae4-45e5-ae08-8b10d5dc4c5d,36,23.42,1,41,9.77,19,12,desktop,Firefox,West,silver,0,231,1
e3b11d00-1549-4cfe-bb88-c90ea995ba58,40,26.26,5,48,15.64,20,9,mobile,Firefox,West,platinum,1,249,0
ff4d0d32-9961-44f8-ad3d-59d88279f98c,28,10.86,32,199,28.18,20,12,tablet,Edge,Central,gold,1,69,0
3b8f7054-8b6c-4658-a616-9050867bd5a7,28,5.57,48,172,5.57,19,7,tablet,Firefox,East,gold,1,176,1
420a76c1-9cb5-4f50-b6b3-f8c2e1f48131,41,3.24,31,59,1.38,20,9,tablet,Chrome,East,none,1,273,0
8038c990-2786-4f2c-8c92-33519e468866,53,0.4,39,187,2.01,0,8,mobile,Firefox,South,gold,0,261,0
3308424f-d16f-4ca8-87f6-4206d0382128,57,14.16,19,14,0.76,27,10,mobile,Edge,Central,platinum,0,33,1
3a2d9bba-8800-49ab-8f36-a29e32589037,41,0.98,34,99,10.4,19,5,mobile,Edge,Central,none,1,268,0
18c760e2-8551-4745-a6f3-ca415e3650a3,20,14.42,3,150,6.2,13,1,mobile,Chrome,South,none,0,230,0
0bfff4b0-62d4-4a07-a720-78e0db754ca3,39,5.91,48,170,13.55,13,14,mobile,Edge,East,gold,0,167,1
797ba7d8-edd3-41fe-83ea-e52d0318d5f9,19,12.85,41,71,15.08,20,10,mobile,Chrome,North,silver,0,180,0
665adb59-3f28-45a3-9ad0-5fad9cf681f4,41,5.6,18,82,7.15,5,14,mobile,Edge,Central,silver,0,63,1
11ca15c2-a1c5-4d86-bd7b-90d98f825736,61,1.5,34,82,8.73,14,3,mobile,Firefox,South,silver,1,123,0
2ab8ddbe-fb44-4b94-9ee8-4ecdccb8e3b9,47,12.89,1,173,13.74,28,3,tablet,Edge,South,platinum,0,56,0
b6afb6c6-f1e8-4edd-b1b1-c01e8f83e797,55,11.46,3,51,9.66,2,13,desktop,Edge,North,silver,1,60,0
a8d6ba5a-a68f-44e8-aad8-75f53da5e7e9,19,10.63,2,173,9.16,17,14,tablet,Safari,South,none,0,189,1
1703eddf-8dfe-40ed-9d7b-7c58a53317ce,38,10.77,1,63,0.23,7,12,tablet,Firefox,West,none,0,248,0
816e88ea-12f7-4241-a515-f7c3eb1ad5d2,50,13.91,40,41,6.82,27,7,tablet,Safari,North,gold,1,193,0
fcfaed87-ffec-4c98-8327-78bdc859cee7,29,4.62,6,149,5.44,28,7,tablet,Edge,West,gold,1,281,1
e9394a9b-7013-481e-92f5-38c7ba58462d,39,15.12,44,130,5.92,12,14,mobile,Chrome,East,none,1,117,1
18f70f90-0d2f-4941-a80a-06743bad55fe,61,1.99,42,38,18.46,27,11,desktop,Safari,East,none,0,222,1
f7ffc685-0351-49df-b759-33bd2084599f,42,2.66,28,56,32.34,24,14,tablet,Edge,North,none,1,26,0
5eea726f-b8b6-46a5-9d6f-611421e43d4d,66,1.36,13,81,1.69,29,5,desktop,Chrome,Central,gold,1,233,1
77df4967-aca3-4a01-8fc5-3ce972807bdd,44,20.74,44,65,7.1,16,9,tablet,Chrome,East,platinum,0,243,0
914362f8-2813-405a-a34a-48b2acc6ba93,59,3.3,1,69,20.2,4,13,mobile,Safari,West,gold,0,85,0
15489369-96f6-4a2c-889a-619b8ae04847,45,6.72,5,57,17.09,16,0,mobile,Chrome,West,platinum,0,361,0
b46506de-9480-44f1-bfd5-31f9e02fe5b1,33,3.13,26,73,2.16,19,10,mobile,Safari,South,none,0,167,1
65545513-5b2c-4847-b448-84877cd3d342,32,6.28,34,141,7.05,14,11,tablet,Chrome,Central,silver,1,162,1
c918191d-af89-48e4-a480-7a405671142a,64,16.53,24,114,13.64,20,7,mobile,Firefox,West,gold,1,361,1
7ee4f8ab-9cee-4c95-b0c3-ee685b13f38d,68,28.87,49,32,0.26,16,2,desktop,Chrome,North,gold,0,266,0
d53bc9c7-3b4a-4f19-83bc-8b977808cda9,61,0.5,25,25,3.63,28,14,desktop,Firefox,West,silver,0,265,0
fc6a08bb-0a89-42fd-b91e-952d514e1106,69,1.8,18,183,7.03,10,14,mobile,Chrome,Central,platinum,1,143,0
fb1e950d-12ee-4e47-9c31-930c8a834740,20,7.9,45,5,4.58,1,6,desktop,Chrome,West,platinum,0,197,0
3b63bb0e-7349-437e-94f2-d782341edf8b,54,2.95,26,189,1.05,16,13,desktop,Chrome,South,gold,0,39,0
634f40c7-790e-4bf3-8169-ca18b45fa539,68,0.15,19,155,11.65,9,10,tablet,Edge,West,platinum,0,70,0
9fbc9a65-6414-472c-93c4-36bb7dd9fdc1,24,0.57,26,95,34.02,10,12,tablet,Firefox,Central,gold,1,171,0
2e19e934-b4da-4938-8a32-e143578dcb16,38,9.62,40,82,13.95,20,10,desktop,Edge,West,platinum,1,154,1
314b44bb-47e0-4931-90e5-4f50030c2ee4,26,15.03,34,65,1.9,6,8,desktop,Edge,Central,none,0,124,1
a2c1f950-2d86-40f4-bd5f-07c4fe53b652,56,18.04,22,80,4.78,14,6,tablet,Safari,North,gold,0,1,0
1ce741cf-2763-457e-bcaf-dba10bc4ca2f,35,3.14,26,173,3.82,18,0,mobile,Safari,South,silver,0,72,0
d19b4915-74fd-4758-ab3a-60cb27b5fdc4,21,16.16,36,140,14.73,24,5,tablet,Safari,North,silver,1,340,0
5de8f49f-2127-4ffc-a6ef-06df6f512b65,42,0.14,42,49,2.51,9,12,tablet,Edge,East,silver,0,258,1
94c72de0-45a2-4c57-b8e8-d4d8354621e9,31,9.11,23,30,3.87,29,0,mobile,Edge,Central,silver,0,69,1
2f5bfbba-5c4e-4827-879f-5e9cde6e5d8c,67,3.45,13,72,9.85,13,0,mobile,Safari,Central,none,0,247,1
b7fc3ec7-c72b-4d91-aa68-5cb859048f62,26,7.4,15,84,6.7,10,13,mobile,Firefox,West,silver,0,57,0
376ea7f0-c4ae-4507-845f-e7cb95ce0ac0,43,12.51,15,107,8.49,9,3,tablet,Firefox,Central,platinum,0,33,1
a2998ebe-e876-4ac4-bfd6-1da9bb7713c5,19,3.37,23,24,0.95,13,5,desktop,Chrome,North,platinum,0,154,1
5c1f8ea7-9ce4-47ef-bd35-fe07da1e1a21,37,11.77,2,10,19.9,21,10,desktop,Edge,Central,platinum,0,19,1
efb5de80-dc07-4947-b783-786df0343f41,45,6.39,38,54,10.5,27,1,mobile,Firefox,North,gold,0,153,0
7b87f93d-1e66-45d5-835a-448ba6076439,64,28.45,22,32,3.43,3,4,desktop,Safari,East,gold,0,290,0
7a441b99-2e61-4e54-a74d-9c587e4a9259,24,3.74,24,15,6.74,16,1,tablet,Firefox,South,platinum,1,27,0
0036c65e-bbf2-4dec-9bf7-121958978762,61,12.87,5,186,2.84,9,6,tablet,Chrome,West,silver,1,173,0
f8e98755-f3f6-4c11-9f1f-007ed22e3751,25,0.86,22,32,2.69,1,4,desktop,Firefox,South,gold,0,87,0
317ade44-110c-4bfa-a0b5-2bb02e8f2264,64,1.39,35,76,14.25,21,8,mobile,Chrome,South,none,1,260,0
ff0d7cbf-dda4-4a6e-84f2-3f8d7564f9e8,52,8.85,25,188,14.45,10,13,desktop,Safari,North,platinum,0,209,1
cf044b04-5235-47ae-8588-bc1d8c1543f3,31,2.17,49,124,13.06,18,10,tablet,Safari,South,platinum,0,114,1
adb18354-b3ca-41d3-8ec2-195a9101997e,34,4.34,20,195,4.72,6,13,desktop,Safari,Central,none,1,186,0
2219a988-7681-4652-915c-e47443fa1506,53,3.87,28,173,35.06,10,9,tablet,Edge,East,gold,0,273,1
65651b75-95e5-4243-8eee-ee7f5e809cef,67,2.73,43,183,22.99,22,11,tablet,Safari,North,gold,0,138,1
01d675d3-6582-404c-8218-5ff80f3c5aaa,57,1.51,6,55,5.07,12,1,mobile,Edge,Central,none,1,74,0
fdfd2230-4841-4a61-9f91-d1fdbac16690,21,2.76,1,8,6.48,28,11,tablet,Firefox,North,silver,1,308,0
1c8fb18a-b66e-4ff7-a79d-09c9b8c1959e,19,0.34,26,26,60.12,19,7,mobile,Chrome,East,none,0,158,1
de211f09-fe0e-4b1a-a6b4-a956d3e5fac1,23,15.6,13,108,25.3,15,5,desktop,Chrome,West,none,0,288,0
a7bdbdc0-567a-4255-8db1-0135d03ea05f,59,15.52,8,9,5.03,25,14,desktop,Edge,North,silver,0,222,1
e3125ffe-0f52-4dc8-9895-8ec9b2160b70,21,0.02,8,182,7.56,25,12,desktop,Edge,West,gold,0,305,0
4b0d1b28-a6b7-4e2b-ae88-3997c8edc1da,46,6.26,41,136,9.3,6,2,mobile,Edge,South,silver,0,50,1
4bead927-96fd-4c8b-8b16-c379f1b7ed96,35,13.13,20,47,14.64,12,10,desktop,Firefox,East,none,0,80,0
26e90b02-5014-4b70-9b73-67359c4b3d47,43,1.56,6,125,13.22,11,14,mobile,Chrome,West,none,0,130,0
f0c995bf-9695-45c6-92b5-ec3c1bab1922,61,7.48,6,189,4.38,2,12,desktop,Edge,West,silver,0,155,0
cc2fc2c1-9825-4d52-814f-175f20020c00,51,1.27,27,61,9.42,26,5,tablet,Chrome,South,platinum,0,261,0
22b0045c-82f6-4d2f-8e62-c214c2ebcf12,27,7.42,37,11,16.86,12,10,mobile,Firefox,Central,gold,1,329,0
c27d77b0-296e-471a-aa90-73758e9a85a0,53,18.43,41,182,2.19,27,9,mobile,Firefox,East,none,1,17,0
b4fbb8bd-203f-4a8d-af48-d84a9b449d9d,31,11.11,16,42,2.15,28,4,mobile,Edge,North,silver,1,170,1
6275ff2b-5493-45c1-aec3-6cf12c068084,48,6.26,21,155,11.78,27,9,tablet,Edge,East,silver,0,173,0
85e28c33-a052-41b3-8008-bf809cc0ef22,65,13.52,25,83,12.7,5,6,mobile,Edge,East,platinum,0,185,0
164be492-29f9-458e-b8db-f04f8c4cadb4,32,2.72,23,39,20.98,11,11,mobile,Firefox,Central,gold,1,150,0
0acb19c2-fc24-4bd8-a748-206f56a09c88,25,0.38,38,190,14.45,18,0,tablet,Safari,North,gold,1,231,0
723fb80b-ac38-47c5-9136-ec4fa7a2f597,31,3.87,18,108,18.04,5,2,tablet,Chrome,West,gold,0,259,0
e603f024-3adb-46c5-836f-a416c900d48f,40,8.7,15,142,12.58,23,13,tablet,Chrome,Central,silver,0,228,1
b15f0dc7-38cb-4eb2-b6d9-a9cf7e4cc764,57,1.69,8,136,18.34,4,7,mobile,Chrome,North,none,0,129,0
0985a75c-ed61-4f9f-b166-4e90573ee64b,38,3.12,30,139,18.44,24,13,tablet,Chrome,Central,platinum,0,128,0
effeda39-fac7-4e2b-9d78-62a5015f928d,33,0.36,6,154,2.38,25,12,tablet,Edge,East,silver,1,177,0
9fe4b337-6d65-49ed-bbaa-0d3eda873509,62,0.75,20,167,1.38,26,7,desktop,Firefox,East,gold,1,17,0
e514253a-70d2-425b-aafb-8f1447e55162,35,3.19,47,117,0.53,3,4,desktop,Edge,West,silver,0,269,1
ade636b9-44c3-4919-8128-ab5850219242,64,4.42,27,117,1.68,27,11,tablet,Chrome,North,platinum,0,49,0
9534364f-faa4-41d9-b756-991d6e1f39ec,41,14.9,20,66,1.31,15,9,desktop,Safari,West,silver,0,266,1
fc4387d2-1e60-46ce-ab5a-2d7dd0ca4161,43,19.49,45,126,7.13,1,14,tablet,Firefox,North,none,0,240,0
c11b9bec-59ca-491d-a331-73db7bf8c488,42,43.93,17,119,7.99,21,3,desktop,Edge,West,silver,1,102,1
1cb819dc-2ebd-4e86-8015-e8ee29dfbd29,62,2.3,16,130,4.27,26,13,mobile,Safari,South,gold,1,75,1
b0ad6c96-fb28-4df9-aa21-7310f4ed9ec2,58,4.01,9,52,46.97,25,3,tablet,Firefox,East,silver,0,193,0
34eb34ca-9458-49ff-8fcc-139410632930,46,10.28,16,81,5.07,25,12,desktop,Safari,West,none,1,105,0
5d47c56f-b43b-4570-bd75-2846696fc2a9,32,25.05,32,169,5.6,28,0,mobile,Edge,South,platinum,0,220,0
a9cb256a-8a48-4bf0-8291-913b67f97f9d,62,1.12,28,160,1.21,28,12,tablet,Firefox,West,platinum,1,128,0
e24259dd-2ad8-4399-a5b9-ceedf139e3a4,18,9.51,34,62,11.32,27,2,mobile,Firefox,West,gold,0,236,0
8e2ace49-0dfb-4ccc-8204-d9fa254e1bac,42,10.28,27,43,38.47,5,0,mobile,Safari,North,platinum,0,59,0
ce2bdf9b-23f5-4eb1-93d4-d6db56d2917b,24,9.4,33,21,11.02,8,13,mobile,Safari,East,none,1,342,1
5c7c8057-2db6-4606-bfa7-56b874a380f2,26,6.77,26,15,58.2,15,8,mobile,Firefox,Central,gold,1,57,0
5b437e0e-6522-4209-8415-5c60ed14383e,41,0.27,11,195,12.19,24,1,mobile,Firefox,East,none,1,229,0
edf7ff0b-16a6-4dcf-b06f-e3d2535d27f0,18,3.8,37,162,1.4,15,4,desktop,Chrome,North,silver,1,197,0
9dd7ae09-01fb-4da1-8873-bd915835ac3b,61,0.94,45,94,25.31,4,12,tablet,Chrome,South,gold,0,354,0
1d584408-e2ac-46ae-8ae1-c41da9114e5d,25,22.5,39,9,1.84,19,9,tablet,Edge,North,none,0,174,1
0f1766de-fdf3-47b9-9e01-7a27418cb994,41,3.24,25,74,1.27,12,10,desktop,Edge,Central,silver,1,305,1
53cfbc20-dfd4-44dd-a086-c798debe848d,28,3.06,29,159,20.25,24,3,desktop,Safari,South,silver,1,187,0
90555cae-9866-4112-8fe1-c3cc6b25c414,68,1.78,12,8,4.76,6,4,tablet,Firefox,West,platinum,0,69,1
de9f3ab3-b50f-4393-bee7-8b1cbb6dfe10,34,3.43,11,185,5.09,20,12,desktop,Edge,Central,none,0,108,0
e1d59995-c5c6-4def-ab64-f16bd7f03dcc,25,1.32,35,88,8.62,11,11,mobile,Safari,South,silver,1,112,0
1fec18f5-6281-4492-89a9-bea9d3dbaa34,52,4.11,36,109,1.33,17,10,desktop,Chrome,West,silver,0,214,1
8d28e544-477e-4506-9761-4961a873f5dd,52,13.05,36,135,31.25,10,0,desktop,Edge,West,platinum,0,247,0
1dcb2207-57a0-46bd-8f73-3698275bea6a,50,0.27,20,9,3.28,28,11,mobile,Chrome,South,gold,1,344,0
09a57233-1882-4bf9-9f11-972ca9b1a4e2,22,6.21,19,84,1.51,24,7,tablet,Edge,West,silver,1,250,0
6124d397-ce0c-4cae-9696-adf13866224c,59,14.0,41,22,1.13,26,10,desktop,Chrome,East,platinum,0,245,0
472e7685-ef9f-4c42-9c01-4a425834c5c8,56,9.99,34,187,1.98,4,11,desktop,Firefox,South,none,0,350,0
182c2a2c-fdf7-4fcc-b478-f241669d1f6f,58,0.15,13,32,2.11,7,6,desktop,Firefox,East,silver,0,127,0
c23ca0ae-a4f4-4907-bb8f-2f1514190d93,45,12.25,39,54,11.51,28,8,desktop,Chrome,North,platinum,1,217,0
98ee84bb-6c3d-4ece-bcf0-a07dbdc1a1e7,24,10.36,41,94,2.56,28,14,desktop,Firefox,East,platinum,1,213,0
46f2c3be-5d21-47ff-9749-75a862c9a169,26,6.86,43,50,10.58,3,3,tablet,Edge,East,platinum,0,278,1
b61a75c5-f6ea-46e4-a0db-9fd04ed443b2,25,15.41,37,120,2.0,21,7,tablet,Edge,North,gold,0,197,0
a8e4efc3-bc06-496a-a1ca-858f814a408d,29,11.58,34,192,8.77,12,9,desktop,Edge,South,platinum,1,47,0
776ac653-8f31-4b5b-8959-2b25f85e665b,51,5.01,28,43,5.19,21,3,desktop,Firefox,Central,gold,0,90,0
19959c4f-5f89-46d2-9eee-46e994614de9,50,7.28,37,26,10.47,14,1,desktop,Edge,East,silver,0,245,1
74bd466a-21ca-439b-8de1-b2a4976acab4,65,14.05,14,161,1.72,15,8,tablet,Edge,South,silver,0,157,0
fe6087c0-4e4b-42a8-b409-55ee8c5863a5,40,10.16,38,115,9.82,4,7,desktop,Firefox,East,platinum,0,277,0
5d2aabf3-cd22-46b5-b352-abb62f1a070a,41,16.2,22,135,1.42,4,3,mobile,Safari,North,silver,0,317,1
821fd17b-dbec-4aaf-8d4a-467039e6cdbc,54,20.12,36,122,1.92,27,3,mobile,Chrome,West,none,1,47,0
2355a34e-4642-44f7-a452-cb86746cc327,52,21.66,21,25,33.83,9,9,tablet,Firefox,West,silver,0,235,1
d5fb5406-83ce-435d-8ad3-9dd0136473a0,61,2.2,42,81,15.03,14,12,tablet,Firefox,South,none,0,353,0
4fc434f3-b8af-45b1-b753-e8c6761dbbb5,57,17.72,10,166,18.63,21,3,tablet,Edge,South,platinum,1,50,0
08fbb236-fe3e-45ad-8748-318426e8a13b,39,6.96,37,87,0.12,8,6,tablet,Firefox,East,none,0,189,0
ddb79af5-8717-49a4-bbbe-c071ee151e66,44,3.12,29,46,4.7,13,10,mobile,Chrome,East,gold,1,93,0
38445767-e9ad-410c-a79e-b70bc03648ca,52,11.86,38,6,37.45,28,10,tablet,Firefox,West,none,0,363,1
bbba4bde-5d1e-4e90-8bb0-b9e4fd12f8fe,18,9.07,8,47,7.33,10,10,tablet,Safari,Central,silver,1,188,1
b258b8e6-d549-47c6-8807-22c5d71cee99,52,8.33,14,71,6.11,9,12,desktop,Edge,Central,platinum,0,183,0
ce9b5c06-d8f1-473a-a10b-688d30cf5ff5,54,6.59,47,14,17.73,17,9,tablet,Chrome,North,gold,0,0,1
d1360fb4-8b28-49f6-86f8-77f67bec4e00,64,4.54,27,84,26.02,15,0,desktop,Edge,South,silver,0,75,0
1a7a912c-a9af-468a-a5fd-a444e3cd20bd,31,1.15,33,5,11.14,18,6,desktop,Chrome,East,gold,0,100,1
7d4dceb9-157a-418b-a129-8ea588eeeebb,20,5.54,1,8,6.56,12,5,mobile,Edge,North,gold,1,179,0
a884de6d-aacc-486a-8cba-011c9757f5a7,18,13.86,4,90,12.35,13,9,tablet,Edge,East,silver,0,33,1
d5082e02-cd1e-4197-a5e5-a898c57997da,22,0.85,33,159,9.59,8,6,mobile,Edge,West,none,0,10,1
f932b72f-9c46-4ae4-a7c9-e19b10ac08d3,43,2.38,32,27,17.87,26,3,desktop,Chrome,West,none,1,334,1
0c57771b-1e72-478d-9867-6a163c330c21,31,0.84,10,81,0.25,14,3,tablet,Firefox,East,gold,0,29,0
f3ce1fd2-2307-4ab1-842f-58ce6d34494e,56,3.39,25,160,5.39,22,12,desktop,Chrome,West,silver,0,113,0
22d50182-707e-4ad1-98d6-edb83adc0fd5,44,13.85,23,45,18.92,4,4,desktop,Edge,South,platinum,1,52,0
d59dd1ae-6f68-4541-b0ae-e77c2ddea50b,26,1.75,40,114,21.48,26,5,tablet,Safari,South,silver,1,52,0
3fdad03e-dfe5-460f-96cd-0d7e8d50bc27,32,1.53,24,98,6.8,8,13,tablet,Edge,North,silver,0,156,0
cc3174c9-a965-4410-93a2-d0ab23518a1e,32,1.87,10,59,2.3,9,11,desktop,Edge,South,silver,0,40,1
e0a8c5ca-2cb7-4bbb-95e4-c3a871ab7ca0,43,1.5,23,120,5.62,25,5,tablet,Chrome,South,platinum,0,283,1
31488433-dc04-48bf-94b9-cc17a49f4bac,59,1.01,15,57,6.43,26,5,desktop,Firefox,West,silver,0,71,1
33c1c64f-31ae-48c4-b51e-282f410fa0c3,30,2.38,18,124,16.97,23,4,mobile,Firefox,West,none,0,212,0
86d2b9be-76eb-4850-b095-87201c100628,68,5.39,1,105,8.24,28,0,desktop,Firefox,Central,platinum,0,198,0
2c2ad74f-a8f2-4825-ac5d-feb671e977c8,49,4.17,30,72,8.7,12,13,desktop,Safari,East,silver,0,214,0
bbe87a9e-2aac-4c08-a9dd-658d3d0e800b,56,9.2,43,17,11.8,8,14,tablet,Safari,West,none,1,200,0
420aa0fe-537f-43ce-8368-2fc6130c7e8a,66,18.9,45,50,21.28,17,0,mobile,Safari,South,silver,0,133,0
e6669929-0295-471b-94e3-2ab3ad96f3f5,69,18.55,9,76,20.24,23,4,mobile,Firefox,East,gold,0,298,0
873bc7bf-5b76-431e-9b63-9633b960328d,49,17.56,14,192,50.22,4,3,mobile,Edge,West,silver,0,92,1
67d7c2e3-06f3-4266-b232-4a79ca4e20c4,21,4.85,27,86,2.26,6,13,tablet,Edge,North,gold,0,243,0
5d81d943-e75d-4d26-ad0f-a221d9310c83,47,5.07,42,41,6.15,28,2,tablet,Chrome,West,platinum,0,288,0
85797550-b401-44b4-ac1b-853e31b41260,54,12.75,12,40,7.27,16,1,mobile,Chrome,East,none,0,209,0
a3c6290f-6126-45a8-a29c-3e3d40bb1934,40,1.17,22,178,0.26,9,2,mobile,Edge,East,silver,1,206,0
14276077-090e-4321-a763-f84d69eae356,56,10.22,18,18,48.49,20,8,desktop,Firefox,East,platinum,1,272,0
a8f4f946-f868-411b-a595-e58553950fbf,62,4.71,8,21,3.92,18,14,tablet,Firefox,North,silver,0,149,0
9081fed0-9907-4852-891b-9433c3416bd3,32,14.04,36,35,4.22,1,3,mobile,Safari,South,gold,1,223,1
d9ad7d48-76cc-41e8-ac7d-afe9c0a444bf,60,4.06,26,182,1.29,16,2,tablet,Firefox,North,silver,0,246,0
89fdfaad-80fd-4290-b387-88c662f47b7b,46,2.68,8,92,7.15,16,14,mobile,Chrome,East,none,1,44,1
f1b989b8-9d51-4bcb-a67c-bdf193597935,53,0.93,49,136,14.97,23,4,mobile,Edge,East,silver,0,131,0
0dbe406c-2828-4ee4-8dfa-b8ef4312358a,30,2.27,21,169,0.33,2,4,desktop,Firefox,South,none,0,312,0
a7c77569-18dd-49a5-b5a6-5be5adfb6eae,49,21.93,1,118,2.85,21,8,mobile,Firefox,East,platinum,0,18,0
cc0a893a-e65c-41c7-900e-a95694a657a3,24,1.29,14,70,11.76,25,5,desktop,Edge,South,silver,1,28,1
e5873006-3347-42e1-8792-4bbd63673508,68,13.71,8,81,2.03,10,13,tablet,Edge,East,platinum,1,119,0
c2945be6-eb7f-4949-bc9f-f2f04977e91c,39,0.39,10,69,5.68,1,12,tablet,Edge,North,platinum,1,180,0
f1aa3e4d-7f44-4c7e-a37c-238c8cd44858,45,11.23,28,63,3.48,7,7,tablet,Chrome,East,platinum,0,224,0
af117113-32d0-4863-bac6-0351aabe0ca9,19,10.11,35,98,27.62,3,10,desktop,Safari,South,gold,0,115,1
6baa1cf0-d074-476a-8e90-f800b24909fb,59,54.63,31,174,11.13,15,4,desktop,Chrome,East,none,1,23,1
b87999da-979c-462a-be22-ba76302f8072,62,1.97,34,181,6.77,23,8,desktop,Safari,East,platinum,0,23,0
34708ffb-3c2b-4f51-b104-0161de1246a1,23,3.96,15,162,2.62,0,11,tablet,Edge,South,silver,1,218,1
3b0c6e12-bd9a-4ac9-a6b8-86b48451e89a,45,7.84,41,62,9.05,4,2,tablet,Chrome,South,none,0,273,1
fbb09ed7-81cb-46d1-b2d4-daaff56dae95,45,8.48,38,143,14.72,10,11,tablet,Safari,West,platinum,0,112,0
9fda588e-7645-4a2d-b45b-bcead9bb91ce,61,1.7,14,161,8.21,4,1,desktop,Chrome,West,gold,0,84,0
1938c42e-2eb4-41d5-aa8f-10465c80fc40,61,11.3,29,194,8.97,21,13,tablet,Edge,East,platinum,0,282,0
5dc0800b-1f3f-4d74-979a-50983c7fe514,37,1.69,23,126,0.27,1,4,mobile,Edge,East,none,0,223,0
ce5dd003-f561-4fa9-8074-507dabb66e03,47,6.68,20,87,13.95,7,8,desktop,Firefox,West,platinum,0,351,1
2563ffdb-d916-4ced-af8d-c25140e88061,28,9.52,27,142,16.74,29,10,desktop,Safari,West,gold,1,188,0
42bde58b-f88d-4265-bdaf-c1840fa2ade4,45,14.67,3,149,3.62,14,6,tablet,Firefox,East,silver,1,319,0
818b7deb-6baa-4fb1-b1aa-f36c863a30ec,42,14.67,46,16,9.61,16,10,desktop,Edge,North,gold,0,360,0
69a55fb3-3135-4cec-9c12-12d8ee70d704,56,14.23,6,72,7.72,8,0,mobile,Safari,North,silver,1,174,0
8ca35166-4c29-426f-87bb-9bcf29184ba0,50,8.68,42,175,33.32,9,2,tablet,Edge,South,platinum,1,70,0
9b627f0a-3326-4311-9c24-be761ef4e946,18,3.63,3,103,16.5,3,3,desktop,Safari,East,silver,0,62,0
6828aa5a-a4d4-4b0e-a577-a7561df96d67,44,0.07,36,157,31.07,22,13,mobile,Chrome,West,silver,0,268,0
8a62e67f-51b8-4787-af98-6297a84a6966,69,12.42,15,112,1.73,29,10,desktop,Edge,Central,silver,0,125,0
d0defafe-f805-4f14-a936-c5ee2a3fd84b,30,19.67,1,64,35.72,14,6,desktop,Edge,Central,none,1,123,0
34209064-b3f7-4c36-b1f9-5ee730b7283d,58,17.64,9,16,2.53,16,6,mobile,Edge,Central,platinum,0,343,0
fdeb0ee6-2206-4a72-a8b4-7280ab369124,20,11.66,49,145,5.19,2,8,desktop,Firefox,North,none,1,274,1
91a8cf99-68f6-43ca-8e87-d814eec07267,56,14.43,23,191,3.53,18,1,mobile,Edge,North,silver,0,294,1
1e82e901-1e92-4ede-a469-e3016fe19530,23,5.01,32,83,9.44,22,8,mobile,Firefox,Central,none,0,70,1
a91cece9-2c93-435c-9706-3b3c33553e5a,25,1.01,29,143,15.02,19,0,desktop,Edge,North,gold,1,107,1
f09eb479-3868-45aa-97cd-f2e091a40d01,44,5.62,45,162,39.1,12,4,desktop,Safari,North,gold,0,199,0
8d562765-2aa4-4d31-b6b3-dac3e5c9d697,26,13.19,48,199,9.36,23,5,tablet,Firefox,East,gold,0,170,1
6a2709db-155c-4320-84c8-f09978714e51,54,0.91,11,126,18.08,20,10,desktop,Edge,North,silver,1,168,1
975ecba0-d7b4-4b37-9621-d962e7db8e81,50,10.52,46,6,37.13,18,0,mobile,Chrome,West,platinum,0,149,1
30b967d0-a210-419b-ba78-f30fed7f406a,68,21.15,15,169,2.18,14,5,mobile,Safari,Central,gold,1,360,0
81a89b48-bf16-4f73-b1c0-70712ca70b03,59,23.11,38,130,5.89,29,0,tablet,Firefox,East,gold,0,214,1
4350c907-6abf-45b2-b686-f6ba373ec3da,61,17.67,42,19,0.22,22,11,tablet,Firefox,Central,platinum,0,305,0
d1968e23-74eb-4263-99ab-cb354100226d,41,12.3,5,153,5.82,26,4,mobile,Edge,South,platinum,1,237,1
d56b6802-bcc0-45dc-aab7-535e421d0731,32,17.22,5,182,37.4,3,12,tablet,Chrome,Central,gold,0,43,0
d51cd561-e9d5-46c4-8f1b-c193b0537d08,49,20.04,12,30,7.6,2,9,tablet,Chrome,North,none,0,237,0
eebdf05f-48ad-462b-b9e9-993fcd6ecdb5,49,5.28,34,77,4.18,21,9,desktop,Edge,West,silver,0,213,0
a40e5494-670b-426f-8bd6-f27096bd91c4,41,7.09,42,169,21.62,16,1,tablet,Safari,East,none,0,54,0
802bc368-df9f-4c6f-84c3-18cfa52493a4,58,4.6,23,119,23.26,26,4,desktop,Firefox,North,silver,0,132,0
f870e471-5e80-4164-b966-303b0f9fd76f,69,5.23,4,197,5.16,8,3,tablet,Chrome,North,none,0,77,0
f6adf551-729a-4ce4-a615-7fe2dc4bcf92,66,12.21,4,31,3.84,2,5,tablet,Safari,Central,silver,0,242,0
a0599f92-87b0-4998-97ba-7c853e94d4a0,66,8.56,36,121,0.88,17,14,desktop,Safari,Central,none,1,237,0
b7be670a-86a8-4b65-83ef-0a7b52bc975c,69,7.49,8,40,40.08,6,4,mobile,Firefox,East,platinum,0,221,1
05417dc9-b8f1-4d41-b82e-d9c95c8162aa,29,5.85,21,68,57.53,23,0,desktop,Safari,East,platinum,1,209,1
fbf55e0c-b9e0-4d0e-b59d-a20f940b6cdc,56,1.44,13,99,8.88,7,5,mobile,Edge,Central,none,1,324,0
47882c9f-ff1c-4ace-a42f-91c64fd5dd1c,19,1.49,16,6,8.52,22,7,tablet,Firefox,Central,platinum,0,159,1
5077b8c3-b9e2-42d9-b53f-0afa65f7cd4c,20,0.84,7,122,1.67,11,1,tablet,Firefox,North,none,0,9,0
cdef8431-e925-4c64-abf3-d341caaf5c48,66,3.63,3,49,15.38,6,10,desktop,Firefox,Central,gold,1,152,0
cded0966-55c6-4c24-b5e1-f74881e6d69c,54,8.66,26,29,5.27,25,2,mobile,Chrome,Central,none,0,168,1
e868a590-c446-48f5-a80e-096f749c1ac5,66,4.49,2,10,6.99,12,10,desktop,Edge,West,silver,0,34,0
414f2dbd-d100-4e2a-897f-0808096bc211,34,30.78,43,190,8.11,5,10,mobile,Safari,North,none,0,329,0
bfff3ca6-a2c5-46fd-ba9f-ba6484d4c537,66,4.38,43,5,5.17,2,5,desktop,Chrome,South,platinum,1,140,0
eae36b0f-7dec-45b0-845f-0f8679256751,19,13.42,30,109,5.61,1,13,mobile,Chrome,East,none,0,237,1
7bf4ef10-6fc5-418e-be1d-a463203c628d,19,0.74,3,61,1.27,20,14,desktop,Chrome,North,none,0,85,1
3b8b114b-7ead-439d-a584-6f69ae379596,45,8.14,25,163,9.35,1,9,mobile,Safari,Central,none,0,261,0
9600f7b5-184a-4176-b251-7e3e9898b68e,40,4.98,36,42,13.47,5,7,desktop,Safari,Central,silver,1,213,1
19f6ff3c-33e0-4019-93f2-7f745049730a,54,7.64,19,156,11.5,1,1,desktop,Chrome,North,gold,0,177,0
e9b4139d-badc-48d8-9c0b-a5f9102efe13,49,11.81,42,71,4.03,5,11,mobile,Edge,Central,gold,0,0,0
a71a5d43-fdc4-472e-bc6e-d3b4bbcc1c66,50,11.33,47,184,0.41,20,4,tablet,Firefox,West,silver,1,244,1
8cc00aff-6a6e-4a1b-aa6a-ade4f027ac08,18,4.37,26,136,14.99,25,6,tablet,Safari,Central,platinum,1,62,0
a83877bc-af80-42b2-b734-f2324430cf64,36,4.0,40,48,7.79,10,6,tablet,Firefox,North,silver,1,115,1
9304356d-340e-449c-a374-b22209cb546c,19,0.02,1,101,5.03,1,6,mobile,Chrome,East,silver,0,275,0
c634b690-b8ec-4ff0-83c9-0dba6a5a00f7,61,17.05,29,109,9.17,17,2,desktop,Firefox,East,platinum,0,279,1
87886bf5-e00e-4d1b-b8e7-252780eca914,43,38.61,23,186,2.62,11,11,desktop,Edge,Central,none,1,104,0
9085d07e-c353-4157-baed-5630ad5f8cd3,49,17.86,20,41,2.53,4,5,desktop,Edge,Central,silver,0,220,1
3d518693-43cb-4981-8c84-d77116ad159f,23,4.95,41,76,29.1,15,6,desktop,Firefox,West,silver,0,41,0
1b069d71-cdba-4cdc-8a80-8568f52629c3,49,3.45,7,58,12.34,13,4,mobile,Safari,South,none,0,113,0
d737bca8-acd3-4887-91fa-be85b5caae70,21,1.19,25,76,0.2,16,8,tablet,Safari,Central,platinum,0,204,1
ce9b5e10-5c3d-4e0c-bf2f-73d0d4e8b937,28,12.04,10,160,7.54,27,11,tablet,Firefox,South,gold,0,5,0
aac6b820-e55d-4eb7-a6a1-a7cd4ed26972,34,4.35,2,173,8.66,7,10,tablet,Chrome,North,platinum,0,246,0
cd2353ee-c316-4e06-8d02-7b5cea5865da,55,12.66,17,196,6.66,14,8,tablet,Safari,Central,gold,0,215,0
4b082dff-fc56-4163-afb7-350823076592,41,2.33,31,107,3.79,12,13,desktop,Firefox,East,none,0,174,0
e458044c-af7b-45ad-ad49-5aee877ff043,22,2.61,19,177,0.42,27,5,mobile,Edge,South,silver,0,276,0
5055b487-a171-4313-bbd2-01605288d4e7,69,16.33,37,125,6.6,0,9,mobile,Firefox,North,silver,0,132,0
6d7201fe-d80e-4679-bac4-e90b7cfe201c,51,1.4,1,198,45.12,18,4,desktop,Firefox,West,silver,0,61,0
f0df2425-b077-4118-924d-9d9649a8742a,23,3.23,10,131,4.07,18,4,mobile,Edge,West,platinum,0,333,0
c8d2b805-5948-414c-9061-f86c385f769a,39,2.78,9,127,24.32,0,5,mobile,Safari,East,none,0,205,0
0204fa05-4ebd-4078-9d72-7e591408326d,28,11.91,24,154,16.99,10,5,tablet,Edge,North,none,0,285,0
b9d8902f-7174-4480-afe1-fd07c74e7ab9,65,4.23,39,145,27.01,0,6,mobile,Safari,North,silver,1,14,0
d974f47b-6f22-4b82-864b-f7978c52acf4,33,5.28,20,184,30.43,15,5,desktop,Chrome,Central,none,0,202,0
fd3726f0-b5cb-450d-8ca0-b6ee5882589a,50,10.54,44,24,44.96,8,1,tablet,Chrome,Central,gold,0,106,1
9788d69b-ce2a-4ccd-8d1a-02229ced6e21,26,1.08,17,45,1.35,20,3,desktop,Safari,East,platinum,0,200,0
4d9bbce0-f344-4917-a937-2425a96204d8,23,16.07,32,7,18.06,26,7,mobile,Firefox,East,silver,1,27,1
e3466d59-0a2d-489d-870c-dd1cecc969ff,33,0.5,25,194,12.81,7,14,desktop,Firefox,East,gold,1,71,0
dc38cf77-e1d7-42a8-9dad-668655ee1afc,46,0.05,12,92,8.36,18,2,desktop,Chrome,East,gold,0,270,0
b12c6b6f-2ff6-4c09-9e6f-940c50c93a6b,20,8.54,21,4,17.16,12,3,tablet,Edge,West,silver,1,305,1
b19d5280-96cf-4136-b6ab-038ad78476af,37,1.78,35,199,0.91,19,9,mobile,Chrome,East,none,0,28,0
5db45442-47fd-43bf-8a0a-58b272c247a7,53,4.4,3,25,4.83,20,12,mobile,Edge,Central,silver,0,333,0
1b2814ad-98c6-4c75-9c43-c1e49c365457,36,7.0,21,22,2.23,14,2,desktop,Firefox,East,gold,0,7,0
01b72351-0080-4af7-8ff5-e1c2266ac0db,43,2.65,16,77,7.85,11,8,mobile,Firefox,South,none,0,35,1
040739d0-f8bf-44c0-9d96-6ce1b4e116b2,20,4.42,8,170,0.13,22,0,desktop,Safari,South,gold,1,275,1
8f2a5f3a-c637-4c48-943b-4ca7bded56db,36,1.39,2,106,15.3,2,12,desktop,Chrome,West,none,0,253,0
7390ea12-204b-4ef7-a1cc-ffaae97ee651,37,10.45,7,187,22.78,18,11,desktop,Edge,West,gold,0,217,0
c815acc6-bd47-4c51-992e-6ccd20825b75,49,1.36,47,155,13.07,2,13,mobile,Firefox,East,none,0,281,0
8e8726ec-5abb-453e-ab92-a69946d7f2d8,24,19.84,40,197,12.3,28,13,mobile,Edge,West,none,0,114,0
e7b771bb-95ce-4496-9a03-8e6d1b45a532,69,0.4,5,147,28.96,1,10,desktop,Chrome,West,none,1,359,1
9cc83975-4400-4497-bdc2-681714c91dbb,58,4.11,47,60,1.11,18,9,desktop,Edge,West,gold,0,6,0
4eaf3e8d-e62b-4ddd-aed2-0c13ac12405e,50,3.22,3,4,4.77,24,4,tablet,Firefox,North,none,0,271,0
91bf9f3e-7b8c-4908-93bd-5a4d42c9f5ba,57,1.12,44,89,18.66,3,9,desktop,Chrome,Central,gold,0,101,0
cb68217d-a6f0-417e-94f6-856042223960,56,2.96,48,127,0.57,22,7,mobile,Safari,East,gold,0,106,1
f5bf20f2-0104-430b-b531-47609cea37de,35,2.84,8,148,14.43,6,6,tablet,Safari,Central,gold,1,16,0
527218fe-e34c-4d3b-8169-5af8cf308c96,57,0.65,44,133,7.61,14,3,tablet,Edge,Central,none,1,287,0
f6dd61ab-8067-4c24-a232-2f2517fa679a,18,0.55,23,16,12.22,9,11,mobile,Firefox,Central,none,0,173,1
ea8c5d83-cb61-42ce-9d27-be7341586617,28,15.15,7,129,12.28,4,14,desktop,Firefox,West,platinum,1,202,0
6e291d89-cf20-4863-bcaf-01293f475c1f,45,20.65,45,41,26.34,5,9,mobile,Chrome,North,silver,0,37,0
01203a8c-25db-4d16-adba-5487838bd16c,42,2.33,45,2,2.63,14,2,mobile,Firefox,West,none,0,69,1
126d6ce8-e747-4bdf-a02e-4d2d0f631584,67,4.55,9,99,19.76,20,5,tablet,Safari,West,silver,1,297,1
eb9af0d3-f278-41ac-8af0-ac4e19438d67,40,6.59,46,99,27.87,10,7,desktop,Safari,Central,platinum,0,17,0
d7eab532-3da2-40d3-8092-8bdc11722d71,48,20.67,47,166,0.04,11,5,desktop,Chrome,West,platinum,0,161,0
6d0246a4-41f5-49e6-9d9a-ecf97a70ad7b,47,7.45,46,112,3.55,13,6,mobile,Firefox,Central,gold,0,122,0
75c24680-b778-4b66-a4e1-0cf9c1cb6dee,59,4.32,37,116,12.52,29,12,tablet,Edge,West,gold,1,201,0
a799db50-6496-463b-9364-2bc5f566f409,52,3.58,35,77,3.95,7,14,tablet,Firefox,Central,silver,0,256,0
3bff2e1b-68ec-4903-958a-097550bc1b4c,24,3.34,22,97,0.92,5,6,desktop,Firefox,South,gold,0,132,0
644c3c92-6e08-4b36-90de-98816b38f7f4,33,1.62,25,118,1.19,17,2,mobile,Edge,South,none,1,100,0
23b26e79-0989-4dda-9175-db7fd7c1c44b,43,0.18,41,129,46.91,12,11,mobile,Firefox,West,silver,1,282,0
b0457621-c050-49dc-a49e-d9a093103089,65,16.11,14,13,26.07,1,12,desktop,Edge,South,gold,0,330,1
9c4f0191-d985-4d62-b567-09a9d472e8ad,69,1.84,31,46,21.84,14,14,mobile,Edge,Central,gold,0,320,1
a819a60c-5a4d-4a1a-b905-a360f7688453,66,0.74,13,11,10.2,14,1,tablet,Safari,East,gold,1,265,0
c03cc708-7045-4325-96f9-9043fe117db6,19,0.04,27,82,21.56,27,13,tablet,Edge,East,platinum,0,52,1
a5627814-7dab-4b06-8665-e418e0ec4158,18,1.37,5,196,3.09,18,10,mobile,Edge,West,none,0,121,1
f6427be0-0967-479e-96b8-04fc899b90df,65,11.96,6,114,8.14,28,10,desktop,Firefox,Central,platinum,0,305,0
7e089211-f127-4ce3-967f-b9cba81e94e1,29,1.45,14,62,29.15,12,4,tablet,Chrome,West,none,0,28,1
1d4480d2-94b8-4bb0-b101-7e4a5393afa0,22,6.89,27,123,6.81,26,10,mobile,Firefox,East,silver,0,25,0
0f02a132-1fe8-4c3f-a92d-879ae9555f2a,54,9.49,12,109,39.34,9,0,mobile,Firefox,Central,gold,1,345,1
b845505e-d14c-4610-8b0e-81157f6380ba,49,18.38,21,183,1.94,29,7,mobile,Safari,North,silver,0,126,0
9dba67d4-3782-48bf-9599-7c44924a1d70,26,9.2,15,81,1.94,16,2,desktop,Edge,West,none,0,265,0
294f6880-79ad-408b-9be9-caa0edf8b426,58,0.6,1,142,9.89,13,13,tablet,Firefox,South,platinum,1,267,0
bc429ecb-bf46-41b9-9a93-dc2f5c65258b,52,1.66,21,116,7.75,28,9,mobile,Chrome,Central,none,1,26,0
d9c66a95-4f77-4530-a251-d3dab38c2aed,36,3.34,19,113,42.4,29,6,mobile,Chrome,South,none,1,327,0
d3c8be89-3bfa-4fb6-979d-91735cb16216,65,2.28,19,89,3.14,5,3,mobile,Safari,West,platinum,0,305,1
7bb7c7fe-bc8b-4d94-96a3-1d6ab96219a7,33,8.84,21,185,3.17,14,14,mobile,Edge,North,none,1,53,0
d150a3f1-3082-4c2f-9e81-aaa1b2896e3e,20,12.38,48,16,8.57,0,9,desktop,Safari,North,silver,0,343,1
39fd235e-bef6-450d-9f70-28f4f7e30b55,37,4.08,19,54,1.35,5,1,tablet,Safari,Central,platinum,0,7,0
88b7a4c7-1f8c-4b22-a459-f68afb1850d3,41,0.15,18,136,5.49,11,6,tablet,Safari,West,none,1,290,0
80c64652-b905-4dfc-83f0-7174a900fb99,50,14.86,6,48,0.01,29,0,tablet,Safari,South,none,1,306,0
2153ce22-b067-4adf-a57a-fa143beebab0,41,3.3,39,191,5.12,22,7,tablet,Safari,North,gold,0,304,0
e5877bcb-c8ff-4c9c-bba7-dcd650326ecb,69,26.38,34,59,16.3,7,2,desktop,Firefox,East,platinum,0,336,1
53579f22-3689-4b7d-b006-5932b901c45f,28,2.78,26,155,0.03,16,14,tablet,Edge,South,silver,0,264,1
75e63e9d-bafa-4bbc-9c2c-ebdd900d0b53,66,2.28,23,4,2.08,12,9,mobile,Firefox,North,silver,1,121,0
7e8c0526-e933-40f4-a56f-d35536845947,25,16.44,1,141,20.78,11,0,tablet,Edge,West,platinum,1,99,0
447105b1-99e1-4fa8-95bd-046f299711bf,53,8.34,8,53,3.27,11,8,tablet,Firefox,South,silver,0,287,1
aa33383e-f396-4ead-8d03-56f5a34b5cc3,55,11.59,25,97,4.46,25,11,desktop,Safari,South,none,0,122,0
97e03f58-2230-47a3-9f43-c549cfcbae5f,57,0.5,24,185,1.48,2,6,mobile,Firefox,West,silver,1,233,1
290b7f13-083f-4339-8cca-acc6d851494c,37,3.24,24,178,7.36,14,1,desktop,Safari,Central,none,0,201,0
a23a4e90-a4c6-44d0-b8da-05ac86367de8,52,3.92,26,153,3.93,9,6,desktop,Chrome,South,platinum,0,117,0
382cf2dc-a63e-4697-b278-b523a1ee040b,65,7.71,31,105,9.33,25,1,tablet,Chrome,South,gold,0,171,0
cafa0550-fb71-42df-a7c7-a31712468e6d,42,6.2,44,22,31.08,25,11,tablet,Chrome,West,none,0,120,0
819841ce-3e19-422a-993e-8e298d5e86a3,52,1.12,5,199,18.81,5,1,tablet,Edge,East,none,0,296,0
7ade083b-886c-4f93-804a-2e1ea69c633d,42,3.61,49,29,4.73,16,10,desktop,Chrome,East,silver,0,344,0
20911b12-2b04-4166-bae4-37f8bcaf1709,46,0.05,37,186,0.52,25,14,mobile,Chrome,West,platinum,0,149,0
7009095e-6c32-486f-95df-33a9f98b7a7e,35,9.07,30,141,13.48,13,0,mobile,Edge,West,none,1,362,1
1f0de707-3a91-41cb-8e6c-8384dc522d97,63,0.56,26,110,28.11,17,8,mobile,Chrome,East,platinum,0,58,1
3e98c1c7-ec3f-4751-ac1c-2c5c7b70bfb9,35,0.99,38,138,5.48,13,1,desktop,Chrome,West,silver,0,209,0
d636925b-a01a-4944-8abf-7138f527bd21,19,1.31,5,7,10.26,12,12,tablet,Edge,East,gold,0,290,0
d1d413d5-5a93-4fd7-8b0b-6ebd60621455,52,21.76,19,66,3.97,15,2,desktop,Firefox,Central,none,0,273,0
3eac7eea-c9a7-444b-aab9-265d68f25df2,33,21.58,21,89,1.62,28,2,tablet,Chrome,Central,silver,0,324,0
c714b89e-5a68-405c-b6b2-c125f0f9fa01,58,8.66,37,165,7.86,3,9,mobile,Safari,North,none,0,5,1
95ae88b2-772c-4dcc-a258-e682ae4ef59f,53,4.66,9,138,0.25,13,13,desktop,Edge,South,silver,0,114,1
3fce8763-b21a-4d06-82d6-27bf4427f012,50,3.21,26,76,17.64,20,10,tablet,Edge,West,gold,0,2,1
52f19881-02cc-4b22-8738-4988667122e7,21,3.98,39,30,23.98,23,11,tablet,Chrome,East,none,0,339,1
5658c2c3-96a9-4868-be86-6f11877c6ad3,50,0.83,12,158,37.8,1,2,mobile,Edge,South,silver,0,326,0
8b7f835f-04c7-4ac8-a676-f39230b889f5,31,14.71,49,23,17.91,22,5,desktop,Firefox,East,gold,1,332,0
9d84895a-9992-4888-90e7-634e0217a128,38,8.74,32,124,21.21,28,11,desktop,Safari,East,platinum,0,316,0
b399c948-1856-47f2-83c5-c4278ba7cd0b,65,0.18,12,4,22.19,6,2,desktop,Edge,South,platinum,0,229,0
f297ed71-04e1-48b1-bf7f-f433174006dc,37,2.74,35,103,12.46,4,0,mobile,Safari,North,silver,0,339,0
553aa625-834e-492b-8759-6a1853e9d679,25,56.52,14,78,17.47,12,9,desktop,Chrome,West,platinum,0,48,0
24669a3b-fc96-45bc-a71b-7c89e7829540,24,8.19,16,13,22.45,21,2,mobile,Safari,East,silver,0,347,0
ce668624-2be1-45c2-b17b-3a971b5cc66f,20,10.47,22,39,17.88,7,14,desktop,Edge,East,none,0,106,0
a151a478-1167-4827-85b7-6b2762e49ffc,34,0.27,41,196,11.46,23,9,desktop,Firefox,West,silver,1,127,1
46e5acb2-a190-4b12-b446-5cc330113bed,50,1.53,28,164,24.05,12,2,desktop,Edge,West,silver,0,327,1
006876a4-faac-40e7-80be-23bfe16777a5,65,16.85,3,20,20.78,10,14,mobile,Safari,South,platinum,0,23,0
d56aad2d-0393-4555-8433-3ea43e567210,29,6.75,14,112,7.21,0,1,desktop,Safari,North,none,0,266,1
8e569599-e1c5-4ae6-a2fa-15cd6cf13eeb,68,8.75,38,184,5.04,8,5,mobile,Chrome,West,platinum,1,130,0
0f0dfe4f-168f-4e01-abb0-c203dc0a128d,39,6.47,44,123,3.16,17,9,mobile,Firefox,East,silver,0,163,0
3a36e54c-9e21-47aa-866b-28ceaadbbd1b,39,2.42,3,174,9.17,21,13,tablet,Chrome,Central,silver,0,142,0
86ed55f3-2143-41ad-bd81-59e01c33e209,63,1.66,18,91,26.1,28,1,desktop,Edge,East,none,0,301,1
9e440320-d69f-43cf-920b-786d82b33f75,47,5.74,22,150,2.12,14,4,desktop,Firefox,South,silver,0,342,1
329062bf-3aee-4a34-b6db-9d9d49ef436c,55,12.98,45,7,19.57,13,2,desktop,Firefox,West,silver,1,145,0
1b8ccc8c-2f48-4b8f-bbe8-1be97581416b,55,3.99,41,139,3.85,4,12,desktop,Chrome,East,platinum,0,169,1
28204d5a-c851-49e7-840c-86a68c420cc9,62,10.7,37,24,12.22,26,4,mobile,Edge,East,gold,0,142,1
d237e621-3546-45fa-94c8-db832be8bbaf,68,2.75,46,8,0.86,5,4,tablet,Edge,West,gold,1,13,1
4305b0de-561d-4456-a504-b67769b56ecc,25,3.34,16,175,3.21,4,1,mobile,Firefox,North,silver,0,262,0
ea071b6b-1285-40fd-b237-3543711bfa2d,44,8.86,28,72,0.77,28,5,desktop,Chrome,East,silver,1,148,1
ef549021-84f7-48bf-a654-3df087ceba97,44,2.15,41,140,10.84,14,10,desktop,Safari,Central,gold,0,263,0
b0948c50-a095-44d7-a49d-41b43b380919,51,8.28,32,157,3.77,29,3,mobile,Chrome,Central,silver,0,333,1
bc1e5fae-6a11-49d2-a9e3-0778ed0b06f9,38,4.23,3,55,3.66,3,13,tablet,Edge,North,silver,1,208,0
2df9b414-29f3-4878-8e8d-3ba45fbfb1f3,47,5.69,5,36,6.63,17,8,tablet,Firefox,East,silver,0,323,0
fdb93fb8-ae96-42ee-9a52-e4b0d1d6dfbe,50,4.68,37,192,17.29,8,9,mobile,Chrome,Central,none,0,294,0
e4edea89-4da6-4ce5-b45a-0fd7fc2cbb47,45,3.61,26,93,7.04,12,1,tablet,Chrome,Central,platinum,0,114,1
91f4797a-ad4a-4f99-9eb2-bbb96f4a9795,64,0.34,11,188,51.5,27,4,tablet,Edge,East,gold,1,342,0
2e2be294-8c9c-4f61-bd48-6aac256be3b6,50,1.0,11,141,0.17,28,3,desktop,Chrome,Central,silver,0,259,0
34052af4-7731-423c-81c1-c9d56647793a,22,2.64,26,137,4.61,6,10,mobile,Firefox,North,platinum,0,302,0
a78b6499-b80b-418c-9119-8880a7b74845,65,18.51,35,26,38.87,28,11,desktop,Chrome,South,gold,0,267,1
84075a61-e3e8-4412-a17e-df23df4a69a6,36,3.09,18,60,10.03,12,10,desktop,Edge,West,none,1,299,0
addd1b2a-e3b2-4a2a-bae4-8da23a8892ae,21,7.8,1,189,0.42,15,12,tablet,Chrome,East,silver,0,178,1
7fbc4200-3f62-4d03-a12c-a262fa55edf2,52,4.52,22,37,2.82,20,0,desktop,Edge,South,silver,0,142,0
04fe1627-ce94-41dd-8e86-a9b833bb895a,66,15.19,37,176,2.91,0,11,tablet,Edge,North,gold,0,116,0
3159657e-784c-407c-afa1-f64b28aa4f5f,34,1.51,47,6,0.73,6,3,tablet,Firefox,Central,platinum,1,290,0
b474bfbc-83c8-4b3b-923e-2f2916d9180a,61,22.62,39,185,17.99,3,14,mobile,Firefox,North,none,0,131,1
bab3809b-4d7e-43f3-8b55-3104b20b2833,45,2.15,35,30,6.4,1,9,mobile,Chrome,North,silver,0,190,1
bece8ce2-3b52-42f4-862d-49cf67b1e4e5,47,1.26,27,156,6.37,26,2,desktop,Safari,South,silver,1,235,1
d0b9de06-25e1-4c98-93f7-ee910dd93083,46,1.03,5,28,29.65,18,2,desktop,Chrome,Central,silver,0,170,1
4974e259-6d5f-4126-af7d-72d7df4250f7,63,7.64,49,137,0.64,11,5,mobile,Safari,South,silver,1,167,0
a6a33b27-2272-411e-bd6d-a44708a92952,23,5.56,49,97,21.91,18,10,tablet,Safari,West,platinum,0,136,1
9f35c36f-c2e6-4c16-8ac2-d3bf8cf07a42,52,6.37,20,103,35.56,16,8,mobile,Chrome,North,gold,1,332,0
77f2f53b-5427-4989-be63-1aab96cc7b09,58,9.62,36,195,2.68,22,0,desktop,Edge,South,gold,0,301,0
8806c1d5-5d52-465c-b759-ce8d761b7965,54,0.98,48,172,20.91,19,3,desktop,Safari,North,gold,0,209,0
23413f96-116a-4cea-b863-4b5d1150c82b,41,1.73,32,178,9.63,10,13,mobile,Safari,North,gold,0,189,0
650cade7-221e-4811-9f35-0d0766ed02ac,46,8.92,18,127,5.61,23,12,mobile,Edge,Central,platinum,0,242,0
2bc27155-c9ec-48e5-a80d-8beb690999eb,66,0.74,10,179,0.38,18,2,desktop,Safari,East,platinum,1,340,0
81a19938-c3c6-45fa-bf84-00718065608a,63,6.4,43,52,20.35,25,5,desktop,Safari,South,platinum,0,364,0
135561de-7266-4a2a-96a0-3b20e543ccfa,48,0.74,37,77,3.27,26,8,mobile,Firefox,North,silver,1,171,0
9dc74d0b-2a62-4270-9d55-374723759ca3,52,4.55,45,58,21.94,4,7,mobile,Edge,South,silver,0,302,0
461206cb-83f8-415d-9557-4164c5732868,50,12.91,17,2,0.24,5,10,desktop,Safari,West,none,0,308,0
451bcd54-ca92-447f-a20e-142249bca3ec,69,6.15,45,9,53.44,14,0,tablet,Edge,West,none,0,57,0
22c491b7-ddcd-4ac4-82b5-296d3099c85a,38,1.62,16,120,2.1,24,12,mobile,Edge,South,silver,0,91,1
fedb0f7c-e783-4784-92cd-e242496aad6a,49,4.07,13,91,4.69,2,12,desktop,Chrome,South,none,0,29,0
a0984dc4-9174-4797-8bd6-5b71e4732913,40,10.52,47,35,57.42,14,2,mobile,Firefox,North,none,0,304,1
0d8d5ad0-b4c7-4f36-9256-0200bf903b4f,50,12.88,37,139,0.71,16,0,mobile,Safari,North,gold,0,326,0
76914084-8f07-4d31-8d19-6b26995bb92e,20,8.42,34,36,26.38,25,13,tablet,Chrome,Central,platinum,0,349,0
1d1b8150-1129-4b42-b998-d2c98bc95aa1,35,9.53,46,83,26.23,12,5,mobile,Safari,South,platinum,0,203,0
c51d0c48-457c-45a8-b25d-802ec209ad46,42,9.74,17,145,5.29,27,12,mobile,Firefox,East,silver,0,258,1
f51845ae-6a27-483a-8275-923cc99ebf04,59,8.41,42,34,11.47,9,4,desktop,Firefox,Central,gold,1,304,0
998454d6-e546-4781-a894-78ec41200cba,48,0.92,8,75,14.92,4,7,mobile,Safari,Central,gold,1,11,0
2cf955d1-c2cc-4e55-a78d-6298932a90ce,20,7.4,44,25,6.23,8,8,mobile,Chrome,South,gold,0,246,1
ed2e7204-4f29-47a7-94c1-6abe7fdcb3cf,57,8.98,14,179,0.83,8,1,desktop,Edge,Central,silver,0,99,0
422a9d1f-d402-4491-a246-390f76cf9826,63,3.59,7,16,5.56,29,2,desktop,Safari,Central,silver,1,6,0
8f6cd390-8dfb-471e-8450-35e3bd594fbd,41,17.19,18,160,8.78,2,8,desktop,Chrome,North,gold,0,117,0
e10399bc-1508-4718-ad57-6054c5b2d31a,67,1.28,29,171,2.83,1,13,desktop,Safari,North,silver,0,36,0
66309e1b-ad20-498d-bdb1-e4d52a3b907e,49,1.73,24,147,9.15,4,11,tablet,Safari,Central,gold,0,248,0
581fa28a-46d9-4ca2-ac54-ac0a0296c717,64,10.01,38,125,19.51,25,5,mobile,Edge,Central,platinum,1,177,0
19a75e6a-d497-466d-8c16-c1acefe96225,39,2.94,32,145,14.16,19,9,desktop,Firefox,North,none,0,69,0
1571adbb-89a5-4a30-980d-94b85886ab9b,40,4.02,5,169,0.86,2,3,tablet,Firefox,West,gold,1,106,0
479a3dc4-d145-4ca2-94b4-e76ea3a6d48d,19,2.01,35,138,17.89,4,11,desktop,Firefox,East,platinum,0,95,0
e2ad8e19-46dd-4189-815b-e5f7aae1a165,44,34.42,14,21,2.27,3,2,mobile,Edge,West,platinum,0,50,0
a4e50d3d-4ed0-4401-9511-75bc9a6cd1ca,59,14.55,43,32,1.46,12,9,tablet,Chrome,South,gold,1,240,0
00c05168-df8b-4467-bef4-18f8649a58a9,19,8.4,24,78,7.78,19,8,mobile,Safari,East,silver,0,187,0
ce21a520-9640-4789-b1a8-22a2d4cc9a30,43,3.56,8,183,15.71,14,7,tablet,Edge,West,platinum,0,335,0
24d18230-de13-41d8-8cc6-a9834482d46b,34,9.02,28,9,5.87,19,1,tablet,Firefox,East,platinum,1,323,0
4bd2cf93-2904-416f-bf5b-9648c4718634,57,26.12,6,72,18.56,10,10,mobile,Chrome,North,platinum,1,337,0
79dd6f85-d16e-4fd3-ab83-634c6ab3ef7f,50,20.13,37,29,27.03,16,8,desktop,Edge,East,none,1,161,0
fe98723a-9d13-4da3-8ec3-01b898f80fef,26,0.57,45,177,2.35,20,1,tablet,Firefox,Central,silver,0,156,0
798e257d-1834-455e-8c70-c60141ab4733,60,8.11,49,25,23.23,6,12,desktop,Safari,East,gold,1,64,0
2f118d22-0bf5-4089-b1aa-7207c681e5f6,65,1.77,44,162,42.21,14,4,desktop,Safari,East,platinum,0,327,0
7a2c5b6e-04e3-4454-b876-2b746efe1fe1,56,1.21,44,166,10.94,29,12,mobile,Firefox,North,none,1,318,0
a1d78c3e-8cb3-4c00-ba26-0ce759c5d06f,46,11.18,43,121,3.39,9,10,mobile,Safari,South,silver,0,182,0
bf28c4bf-f9c6-4e17-ac71-ce297cdaf7e1,59,1.69,21,126,3.25,12,6,mobile,Chrome,South,platinum,0,63,0
97032aec-a818-4160-b583-13cd2578557d,43,7.0,11,36,1.38,9,4,tablet,Edge,East,gold,0,10,0
31e4e472-711f-4800-8b12-2a4f73ac37ab,52,0.75,43,162,10.63,22,6,tablet,Safari,West,platinum,1,136,0
5e80c122-e754-4e46-b5af-562c316d8c5e,67,6.66,1,166,12.5,26,12,mobile,Edge,West,platinum,0,4,0
2afdcacb-514a-499d-8e96-d7cc9a00a282,42,2.05,26,125,8.55,10,9,desktop,Edge,Central,gold,0,317,0
f0136367-be4e-4b2c-ba43-e0ad5bf18d98,41,0.07,25,146,1.15,14,0,mobile,Safari,West,silver,0,232,0
29fb3bae-d61c-43c2-a50f-e493110cc419,30,2.14,31,68,6.4,9,12,mobile,Firefox,Central,platinum,1,23,0
dc6115a0-b5fd-403d-93db-842c4d990625,24,15.46,40,188,4.32,20,5,tablet,Chrome,West,silver,0,350,0
41726114-df30-470c-b5ca-a828601d7275,53,6.7,11,176,1.31,4,7,tablet,Edge,East,platinum,0,290,0
b6c71872-0d3e-44b4-af5d-21b668f85cf6,62,1.9,27,110,7.94,19,5,mobile,Edge,East,none,0,29,0
ded014d9-8954-42a5-b1a4-dde0b14146de,37,32.16,42,149,16.57,24,9,mobile,Firefox,North,silver,0,34,0
3822c086-0c3d-4eef-b0fc-02ebaf6c2307,18,11.45,38,65,2.33,16,12,desktop,Firefox,East,platinum,1,60,1
3bee62bc-2cc8-4a14-9ec2-5c479f469e29,25,9.18,15,4,10.0,8,13,desktop,Firefox,North,none,0,296,0
e9e3c967-412a-4bde-a235-ba3ed69f31fb,63,8.82,37,125,7.86,15,10,mobile,Firefox,South,platinum,0,273,1
9e6332e8-6978-4e59-853f-a091df6fce0f,33,8.16,36,107,12.74,0,1,mobile,Safari,East,silver,1,309,1
766f0846-4c9e-4be7-be1c-4c51003a43fc,31,3.62,5,56,5.68,5,4,tablet,Chrome,North,silver,0,267,0
b1da3587-4215-45f2-83fa-f1b09fad49cb,29,1.25,15,174,6.86,1,6,tablet,Edge,South,platinum,0,327,0
99e54299-6a6c-4115-9b20-7dd949e85f91,68,0.89,38,175,1.03,27,12,mobile,Firefox,North,none,0,354,1
c503ff2d-4324-47eb-91f2-229800b44c94,40,25.63,13,92,3.28,10,7,tablet,Chrome,Central,silver,0,157,0
05dc9c59-fa26-4ddf-a78a-1179cbb0cd60,32,13.89,46,138,4.77,4,3,desktop,Safari,South,gold,0,86,1
50606423-1012-4b10-8b74-1f1f02ca8eb3,45,4.21,48,68,15.09,9,9,mobile,Edge,West,silver,1,61,0
214f8288-60b7-40ef-b8c5-2c7c41397d50,51,1.89,17,179,8.16,14,4,mobile,Edge,Central,none,1,94,1
d2084fa8-8f1b-4fbf-9e93-39c29db22a2f,19,3.77,10,164,4.05,17,8,desktop,Safari,North,none,0,75,1
eb5042b4-be56-4226-a5f4-1986a7729f5c,49,4.43,34,104,0.24,1,8,desktop,Chrome,North,none,0,34,1
31ba53c2-197e-471a-b922-5437799fcd47,40,15.12,45,7,22.96,26,13,desktop,Safari,Central,silver,0,138,0
693efcab-5b2f-4bc1-a20f-07f575986844,39,15.01,22,198,1.93,16,5,mobile,Chrome,North,none,0,6,0
dad49501-671b-4301-9775-552bd1ba83d6,68,9.33,46,21,16.29,16,12,mobile,Edge,North,silver,0,72,0
0b27bf5f-922a-478c-8587-7901827560bc,42,2.26,21,34,1.78,4,5,desktop,Firefox,Central,gold,0,248,0
173b805d-0778-4b36-8549-b8021b301dbf,39,4.69,1,194,6.81,21,9,mobile,Firefox,Central,platinum,0,115,0
44125b60-ca3a-47d2-839b-c9d734eb5466,39,6.85,18,185,23.32,13,2,mobile,Edge,East,silver,0,156,0
4d150de5-3bbb-49bf-9aea-d6200409154b,66,24.01,22,18,7.72,13,6,tablet,Firefox,North,platinum,1,142,1
f2f4f892-edce-4a25-9dcd-a5e7a4000e85,69,0.47,7,88,13.51,18,3,tablet,Chrome,East,none,0,38,1
99796442-d060-4f5f-9377-22e5bd852a5d,59,15.87,24,181,13.82,6,3,mobile,Chrome,West,none,0,145,1
c77bba1d-58d2-466c-8ef0-c5adbe72c2dc,23,3.59,15,182,3.45,10,9,desktop,Safari,West,platinum,0,253,1
436215e4-7c72-4605-8e88-4c93a6519a7f,32,0.78,44,149,3.95,3,5,tablet,Safari,West,silver,0,218,1
b10693d5-1b57-41ae-907f-b8dfac8c6100,60,1.47,8,142,24.25,10,10,desktop,Edge,South,platinum,0,274,1
11813c3c-92ea-4d15-a3ed-d3e6f74b98f1,54,9.99,19,123,7.52,5,2,mobile,Chrome,East,silver,1,314,0
26de6bdb-0350-4425-9423-fbad39423f02,50,4.42,6,58,10.75,12,4,tablet,Firefox,Central,platinum,1,120,0
10be1044-85b3-431c-8e6e-688477038510,25,2.29,11,189,9.28,26,6,mobile,Safari,North,none,0,179,0
2ff0027a-ac0e-464b-89ea-75cd291b4344,61,7.44,39,79,0.89,2,6,tablet,Safari,East,silver,1,1,0
e068aeaf-6b0d-451d-8b17-0992a51a4e1e,61,2.78,1,12,9.47,9,7,mobile,Safari,West,none,0,33,1
67260749-aa21-49de-b3ee-bd61e02611d6,22,13.54,7,15,30.36,27,2,desktop,Chrome,North,gold,0,75,1
fc0590f1-43dc-436d-a9f5-f524d3a481d4,56,3.17,13,55,3.66,21,8,desktop,Safari,Central,platinum,0,225,0
9e32e744-f565-4b02-a6fe-528f24b1ec10,21,10.65,33,153,0.7,29,3,mobile,Chrome,West,none,0,61,0
63e6f9c1-0031-47df-abf2-8691086c909c,23,6.2,37,20,9.17,10,5,desktop,Safari,Central,none,0,283,1
0f190d7d-8066-4d59-8107-6a9cc48118ed,62,16.62,48,127,1.47,1,9,desktop,Safari,Central,silver,0,81,0
e275a9dd-aa59-420e-ae6d-b3bf2cb06a42,49,14.72,7,143,28.53,0,13,mobile,Edge,West,platinum,0,142,1
82539976-85ac-4808-8dba-f644cda4af3c,69,2.87,42,181,23.77,26,8,tablet,Firefox,West,platinum,0,139,1
283e09fe-d36b-4a80-856a-ac0b73f161df,47,8.96,18,101,2.03,11,5,mobile,Chrome,East,none,0,39,1
294c4416-b12b-4e05-a604-d681bd824155,64,11.67,30,184,8.13,5,8,tablet,Firefox,East,none,0,226,1
b19a47fd-9654-4ead-bc55-719ad6854cbf,52,2.66,5,148,57.04,14,13,tablet,Safari,North,platinum,0,12,1
dd969922-c4a7-404b-bc15-a5a965b7af5b,57,6.65,38,153,10.44,25,8,desktop,Chrome,North,gold,0,73,0
cd9d8f92-8ac5-4f34-b260-d82828690857,69,8.92,46,152,10.51,13,14,tablet,Edge,East,platinum,0,243,1
9919e562-a110-48fb-b1c6-9a39f11d3ee9,33,1.02,23,110,3.94,13,9,tablet,Edge,South,none,0,115,0
6c8f1545-27d1-499d-b934-7a8919aed402,30,1.36,29,57,6.5,23,9,mobile,Safari,East,silver,0,296,0
63e673d0-daf2-4dbb-90f5-4794ef452726,67,1.9,26,31,16.63,29,12,desktop,Firefox,North,gold,1,14,0
dde8f057-e75b-4fea-8af6-1e197f893c36,59,0.0,36,127,108.15,6,7,tablet,Firefox,East,gold,0,84,0
b750703a-6c5b-4dfe-9af1-f90cda926b6b,47,8.78,43,118,57.84,28,10,mobile,Edge,North,platinum,1,333,1
1da66df1-eadd-4fdd-bdab-3781c52531e2,36,43.12,41,75,0.84,21,1,tablet,Chrome,North,platinum,0,301,1
9c3d0004-87e9-4dea-a661-0c8512e5859b,34,0.28,45,152,2.76,20,2,desktop,Chrome,North,platinum,0,134,1
33c38573-0d81-4a4c-832a-836131bdc9c7,36,1.64,4,188,9.78,22,8,tablet,Chrome,East,none,1,47,0
1478b788-d8e5-4266-b849-a5aa19d5a7d3,45,6.13,44,2,10.6,25,11,mobile,Firefox,North,gold,0,333,0
a1373023-f675-4d8e-a939-4017548e413a,43,6.87,29,47,13.45,14,11,mobile,Safari,Central,silver,1,333,0
1bacf187-cfaa-4118-bcc1-d9548bad2330,54,5.71,42,121,5.26,8,9,mobile,Safari,South,gold,0,277,0
ad851374-5fbb-4e86-bd4a-8a6922911b81,43,12.52,19,69,10.22,23,10,tablet,Safari,East,none,0,290,0
17e18def-55b3-498d-a83b-415fe76fdb71,40,2.18,29,51,16.68,9,3,mobile,Chrome,East,platinum,0,249,0
a7d52d7d-3e3b-4a20-bc63-2200ce098aae,26,21.12,16,83,0.45,15,10,mobile,Edge,South,gold,0,140,0
cd0c7a9b-1f16-434d-9334-30b787b79a6e,29,9.82,4,139,1.24,18,13,mobile,Chrome,South,silver,0,315,0
a4b7a4e1-d9c4-4dfe-8507-19283bc8866a,18,2.36,40,109,1.83,21,12,mobile,Edge,East,gold,0,19,1
f6325d56-7c3e-4d5f-9b90-0e4ada9a85bb,18,38.83,4,18,5.26,9,2,tablet,Firefox,Central,none,0,202,1
7e77f064-68ea-47cf-a13c-15ba46455a33,64,7.35,42,73,3.69,3,11,desktop,Edge,North,gold,0,211,0
fbb0e488-b44c-48a3-8295-dd1e4970220c,51,0.86,49,89,7.5,0,10,desktop,Firefox,South,platinum,1,278,1
3cb4ee7c-b5d3-4374-9ce4-d98ff9aabbc7,49,1.72,8,127,35.68,10,7,tablet,Safari,West,platinum,0,125,0
89d6fa51-bbc8-491d-8b70-6bd1fb5d0072,65,3.82,8,107,1.15,14,1,mobile,Edge,Central,platinum,0,129,1
018f7812-f3b4-40ae-8016-2f0f6f83394e,42,7.84,25,72,10.08,3,14,mobile,Edge,North,none,0,254,1
27eb8826-f6f1-47ed-8d92-b1f338aa01e0,57,12.49,24,87,21.6,14,4,mobile,Edge,East,gold,0,27,0
9d68e507-1890-4f52-b144-3b42d1512ae1,62,2.7,49,64,12.7,13,12,tablet,Firefox,Central,platinum,0,29,0
8d727ca0-e749-4b3e-a59c-4d6e0afe7910,18,7.46,20,168,3.19,14,1,desktop,Chrome,East,silver,0,13,0
7092d2d3-67c4-4c3c-a3fb-7383bb534475,33,5.26,26,23,9.79,3,6,tablet,Chrome,North,silver,0,94,0
d0f98d09-709f-4c01-b1b6-d42f575c5fd8,56,5.03,19,39,1.17,22,3,mobile,Edge,South,none,0,54,0
5c0fbba1-b201-423f-b09c-1afbc080a85a,22,3.63,13,75,27.34,25,14,mobile,Firefox,South,gold,0,30,1
df1a5086-bc67-4407-b40b-f2df6189bdc9,39,3.92,5,61,11.25,7,5,mobile,Safari,West,none,0,298,1
405ef4a8-ce23-4a23-880f-46cb783ba648,46,3.36,2,88,39.47,12,12,tablet,Edge,West,platinum,0,215,0
4e0e047d-7459-4164-948e-92b57661d590,20,7.57,10,181,3.09,7,9,mobile,Firefox,North,platinum,1,172,0
171f583f-c831-4f73-8f42-c847153d9485,29,22.19,29,7,3.73,7,11,tablet,Safari,South,platinum,1,72,1
33835b59-aac2-404e-ad66-500fc53efe16,43,4.66,21,44,11.58,9,1,tablet,Safari,North,gold,0,129,1
0733d8ce-bc83-4e15-a1f5-661594fa96f1,33,26.29,20,28,1.28,16,9,mobile,Edge,Central,gold,1,261,0
088aab62-4a1b-4feb-9e92-063b9a7736d2,68,11.68,38,40,2.13,6,3,mobile,Safari,South,platinum,0,144,0
d90a70d2-e659-414e-b967-62617a65d244,54,10.13,32,44,0.95,20,1,mobile,Edge,Central,silver,0,125,1
ddb3f7c6-773d-48fa-8336-3ab32c7827b4,39,4.79,27,164,2.96,3,11,tablet,Safari,North,silver,0,345,1
1bbb0715-d07e-4ac3-8593-fda9bb8a93eb,46,7.23,2,146,12.04,8,0,desktop,Safari,North,platinum,0,33,0
7b764a42-960a-4038-b268-a12b66faa9dd,31,0.65,18,21,26.76,18,8,desktop,Edge,Central,silver,0,219,0
0a0fb312-0862-40b0-8820-425df2977d02,45,14.26,17,45,6.18,24,5,tablet,Edge,Central,gold,0,148,0
98b34155-b8ab-4bc5-80d4-709269ded218,22,0.91,28,74,0.8,13,9,tablet,Edge,East,silver,1,123,0
c3ffaf7b-453e-4b10-9774-ebd5b48ca646,64,0.05,24,76,1.91,4,11,desktop,Safari,West,gold,0,299,1
4a618d94-c401-457f-8ace-a4e84d15b6da,66,4.04,13,16,8.74,3,2,mobile,Chrome,East,silver,1,157,0
78235c75-8f66-4d6a-82f9-78bda0ffca4b,47,4.55,2,96,27.72,20,6,tablet,Safari,West,none,0,26,0
d4114ffd-f856-4802-9794-665e1c18a90a,63,13.09,6,96,26.98,29,6,desktop,Edge,Central,none,1,186,0
416507ce-241c-42de-b569-58cafff4620e,69,0.26,49,130,2.06,21,12,mobile,Chrome,North,none,0,175,0
dc18cb05-682b-4ff0-ae2e-c7fd2b1b9ed5,22,14.3,2,83,5.61,5,4,tablet,Safari,West,gold,0,341,0
df28c891-8b47-465f-9de7-7bc8293f0600,29,14.75,38,131,1.84,26,9,tablet,Safari,West,silver,0,214,0
036d248b-4cc9-4cb0-849f-d50c980917fd,33,49.09,34,105,70.0,14,4,mobile,Chrome,East,silver,0,234,0
0a8a51f6-a612-4d42-bc80-5c27f4d0880a,43,4.67,45,33,4.73,0,4,desktop,Firefox,West,platinum,0,14,1
aa5c2c8d-ea7b-4b27-b538-eeeb24f842ed,43,3.34,30,195,12.7,12,4,mobile,Chrome,East,platinum,0,177,0
23bae5be-02a8-4426-9a1b-1a4fa2bce8c8,65,26.31,49,169,33.05,28,2,mobile,Firefox,West,platinum,0,142,1
2c5d1fb1-020c-410c-b181-72def6c6c5b4,38,0.43,37,138,10.28,21,11,mobile,Chrome,East,platinum,0,62,1
82c2d31d-e720-4d48-8e5d-3ce444f9b772,56,17.37,20,120,0.14,4,4,tablet,Edge,South,none,0,176,0
747b9dbf-c52c-4644-819e-20e11a483345,53,0.09,23,161,2.82,12,2,tablet,Firefox,East,silver,0,239,1
e3c0b4a5-7833-4412-b559-21900df9f581,50,2.34,19,171,25.82,3,8,tablet,Chrome,Central,none,1,280,0
fce7a353-dd3b-4160-a4eb-ede94671c5cd,47,19.98,41,128,0.07,23,6,tablet,Chrome,East,silver,1,291,0
41f0d3e6-b3ca-4a3e-ab3b-2461b454d336,54,0.3,21,195,20.6,20,3,mobile,Safari,South,none,0,356,0
ae2d6d2f-e276-4ea6-9f19-6d5fb37ca42d,40,2.8,36,111,4.72,17,12,tablet,Safari,Central,silver,1,280,1
e34407f0-32f2-4bde-9864-d12f8459863b,27,18.96,35,125,0.33,9,1,mobile,Safari,Central,silver,0,170,0
36b5215d-5d58-48fc-b517-4a71ed6fb771,22,10.22,10,145,3.98,21,2,mobile,Firefox,West,none,0,36,1
61bace51-4915-4033-8acb-6bcdb071caeb,53,3.76,3,98,4.24,23,10,tablet,Chrome,Central,gold,0,55,1
a91801d5-b38c-43d8-8844-d13b364eeb21,51,1.7,25,19,10.02,7,1,tablet,Firefox,West,silver,1,266,0
cbe579e7-4524-47e1-ae5f-924a3ea1b7d8,69,0.3,14,92,25.11,7,8,desktop,Chrome,West,gold,0,299,1
a26bb43e-2ebd-4d46-a42d-9d365d927f2d,48,1.49,40,110,2.31,3,4,desktop,Chrome,Central,gold,1,20,0
1102d9cd-c770-4551-b0b0-70f16ea135f5,27,0.16,23,101,0.88,15,13,desktop,Chrome,West,silver,0,180,0
267c7984-096d-4ea7-a363-d54d1db8188a,36,22.58,11,47,32.51,16,0,tablet,Chrome,North,platinum,0,29,1
29f08b0c-c4c5-4bbc-94b1-fd9b5d35a2e1,49,11.9,28,153,5.82,13,4,mobile,Safari,South,none,0,20,1
d22fd4d7-cc67-4949-93db-cf4eca28b0f5,18,0.41,47,188,9.16,26,1,mobile,Firefox,North,platinum,1,86,1
db374e7b-9cdc-469d-b88f-6bff494220c1,22,9.41,36,146,14.09,18,11,desktop,Chrome,East,platinum,1,203,0
da21950a-5592-4ec2-bd08-f7b4dd4cbc13,62,1.16,9,20,15.82,23,13,mobile,Chrome,Central,none,1,135,1
38b97988-02e0-46a0-a39b-93c32a06eda2,21,3.45,18,162,15.71,16,11,desktop,Edge,South,silver,0,19,0
83818065-83be-4020-8175-f0c97c6fd392,33,22.7,32,74,5.81,19,5,mobile,Safari,Central,gold,0,199,1
63a5fa8c-8caf-4b14-aedb-429d5d750d82,41,8.98,24,156,2.71,26,3,mobile,Firefox,Central,platinum,1,233,1
07d03331-74c4-4df0-9038-a89e4eeb9ec4,33,1.06,38,126,17.21,12,12,tablet,Firefox,East,none,0,133,0
8da9357b-239f-47d3-a9e6-170a5c8421d9,19,22.48,14,172,23.62,0,6,desktop,Edge,West,silver,0,188,0
836043dd-cc79-4196-a6ce-8ccb5bed8934,66,11.0,14,13,4.79,7,4,desktop,Chrome,South,silver,0,321,1
f794a0a9-07be-4f40-b5f1-005e4570e28f,45,9.85,42,155,14.81,17,12,tablet,Firefox,West,none,0,228,1
349f3c9c-4a5a-45a0-b0e8-ca8b523ef199,49,1.82,26,153,23.99,14,11,mobile,Edge,South,silver,0,184,0
6abf36e3-5f45-4279-9426-cac1ff37a903,44,3.49,41,103,8.38,9,0,desktop,Edge,East,gold,0,261,0
0bc2225d-1ed7-4173-961a-8ad18936147a,37,4.06,47,87,13.33,6,4,mobile,Edge,North,silver,0,166,1
db930659-857d-4814-acd3-5262851cbc33,41,5.54,13,77,8.53,16,13,desktop,Chrome,East,gold,0,4,0
f7212504-39ce-45e3-b5de-3e850167502a,29,6.31,3,105,6.28,15,12,mobile,Edge,West,gold,0,306,0
71cbf9f4-3efc-404b-b60a-012cc0608515,67,1.17,11,134,10.7,8,2,desktop,Chrome,Central,platinum,1,190,0
53a5ddf9-dbd1-42b3-92e3-357e4a4ee6bd,52,3.84,17,12,38.24,1,10,mobile,Safari,Central,platinum,0,104,0
70b05512-6099-47d1-ad97-add6d2b5e3f9,50,13.32,17,35,9.42,22,4,mobile,Chrome,South,gold,1,244,0
2c791906-c103-42f4-9082-4da9885e0a0a,50,2.73,9,180,2.96,16,8,desktop,Firefox,South,silver,1,230,1
1cb66fc8-be80-4358-a23a-c77634d9bcef,68,19.43,45,31,1.76,27,0,desktop,Firefox,South,gold,0,67,1
96a3d8ac-cd06-4278-96ea-b961a1d992f5,60,2.23,47,161,41.07,20,3,desktop,Chrome,East,gold,1,4,0
2b0d0b77-be70-4596-b536-07df3d2c8180,54,3.86,31,19,26.94,21,4,desktop,Chrome,South,gold,0,85,0
e500b9a1-13ab-4630-8657-10198c58d9d6,29,1.74,42,68,0.23,15,0,desktop,Safari,West,gold,0,85,0
1077c728-9e1f-4c57-9397-095e14385b48,20,3.61,25,3,5.22,23,13,tablet,Chrome,North,silver,0,167,1
79cc53de-68ee-4ae0-819b-1b6d68541f18,18,12.82,25,159,10.83,8,1,tablet,Chrome,Central,silver,1,17,1
d5016a41-0a50-4bdb-b849-f3a5455d69cb,50,7.61,47,17,28.09,14,14,desktop,Firefox,South,silver,0,181,0
c3cc47bc-9324-432f-884a-a9824f7df876,57,2.01,34,138,10.49,2,0,mobile,Safari,East,none,1,245,0
931023be-d83d-4612-b086-97b58e4a12b3,27,0.19,25,121,2.13,21,2,desktop,Safari,South,none,0,297,0
f8535852-bc92-4c8f-9d2c-2cbd83c53ca2,60,2.78,48,190,1.86,29,1,mobile,Safari,East,silver,0,267,1
9dd6ecb8-d131-474c-9109-212077be809e,61,0.78,49,35,8.19,4,8,tablet,Edge,South,silver,0,155,0
e8d3950e-5c94-4b6f-baf3-cd1911029605,46,5.04,49,123,11.45,1,11,tablet,Safari,West,gold,0,159,0
5fc20a2f-e7f6-4bb7-99d0-822b85dbb8e3,30,2.22,18,158,9.31,29,8,desktop,Firefox,South,none,1,113,1
cd355fa7-4f6d-4e1c-a106-df81c8af4c5e,29,14.62,47,19,15.23,20,7,tablet,Edge,West,none,0,248,1
2bfc64ca-0436-4046-a701-b128753f1400,48,2.43,7,65,14.39,17,4,desktop,Chrome,West,none,1,293,0
04a9f492-457e-442d-ba51-9e92a2b3658b,63,4.76,37,66,14.96,3,13,tablet,Firefox,West,gold,1,104,1
465ece40-f4a3-49d1-b59e-d467dc3354a0,19,5.69,48,105,1.53,24,13,mobile,Edge,West,platinum,0,321,0
fd429e46-08b5-46a9-94a7-78dd4f12342a,68,13.74,4,188,9.85,18,6,desktop,Edge,East,platinum,0,126,1
7f574ba9-e86a-4fc6-8b28-03e2e76b2c3d,67,14.44,25,154,9.06,1,4,mobile,Chrome,North,silver,1,219,1
69981334-991d-4b9b-9c53-719212949bc1,52,0.67,44,182,3.83,15,9,tablet,Edge,South,gold,1,130,0
f267684c-4a88-4ccb-ba2d-d01532446009,40,1.29,42,113,3.17,0,9,mobile,Chrome,Central,silver,1,8,0
e23cb427-2279-42bf-b3e5-daa335023e9e,34,6.63,37,20,6.26,15,14,desktop,Chrome,Central,none,0,210,0
30fa855a-9a1c-4ec9-96ac-1b0f6188fc34,43,4.09,18,19,4.89,1,13,mobile,Firefox,Central,none,0,284,1
c6877886-a1ce-4682-859c-1bc6286cd985,25,12.98,13,34,2.63,13,0,desktop,Safari,West,silver,0,33,1
a6adcc30-09cd-4f3f-9c23-352e9400c6e2,46,6.18,3,142,7.77,8,13,mobile,Firefox,South,silver,0,118,0
382d9bd4-a5dc-4a4a-8440-7433447a55e1,43,11.41,36,33,1.56,4,7,mobile,Safari,East,silver,1,211,0
14421f14-e09e-4cbb-9a85-04f7de29dbdd,27,3.17,23,55,4.49,16,12,mobile,Edge,West,gold,1,236,0
25d67432-9d22-4215-87c6-51cda3ede977,43,17.84,6,149,1.36,27,4,desktop,Chrome,East,platinum,0,13,1
a39b18e5-0f86-47ef-aed4-a1d46f8f2141,51,2.21,17,158,2.93,7,12,tablet,Firefox,North,silver,0,38,1
cac8e23b-be58-4cf8-a7f8-fe565a322423,68,4.05,46,55,1.73,7,6,desktop,Safari,East,platinum,0,68,0
a41747c2-3d9f-4066-a3ad-4482fdca0860,58,6.88,43,128,41.26,1,11,tablet,Firefox,North,platinum,0,64,0
df1dbb2c-8ebf-4f77-a1d0-3e62e037d850,24,6.09,1,189,48.14,27,3,desktop,Safari,South,silver,1,288,1
e627ffcc-185b-4d3d-8f64-4ed0f0df3b73,21,9.33,9,42,15.98,2,3,mobile,Safari,West,none,1,232,0
62618f84-1437-4463-a5de-3ed11ec9f7a7,67,10.61,6,110,14.83,14,14,desktop,Chrome,South,gold,0,152,0
e17208c7-5e49-4540-bc77-e2e5c46d8754,62,1.95,20,121,2.14,21,6,desktop,Firefox,East,gold,0,126,0
71f8b193-248f-43b9-899e-22c10f0492d8,28,1.77,12,123,10.44,14,12,desktop,Edge,West,none,1,291,0
ff69ac30-4508-4584-8244-93ae183458b0,46,0.76,9,32,29.01,5,11,tablet,Firefox,South,platinum,0,310,1
e92bce54-f091-4cf9-a644-4ffd94ca6de3,53,5.89,28,52,16.39,7,14,tablet,Firefox,East,silver,0,157,0
d0637dc9-bbe6-4ef9-9144-247d8dc6b333,42,46.42,5,188,1.79,25,9,mobile,Edge,North,platinum,1,131,0
16332f5c-6b85-4667-bf29-1479128e808b,38,1.85,42,133,5.86,16,4,tablet,Edge,South,gold,0,330,1
aa9abf94-2057-4d41-aebc-d1eb7f5ee7de,53,10.57,29,173,5.7,7,10,desktop,Firefox,West,gold,0,186,1
97b90bf2-3330-4451-ac32-565826c4ade6,27,0.97,15,79,0.88,0,10,tablet,Safari,South,none,0,222,0
df47a55e-c3f6-4ca2-9947-f774ffa26287,54,15.72,15,155,25.65,23,1,mobile,Firefox,East,none,0,177,0
ec25c70e-1ee9-4e94-af73-93e0ce1d2bd5,26,20.69,29,91,5.17,10,3,tablet,Safari,East,gold,0,319,0
6c66d44f-f881-4aec-89fd-da836db22f54,41,23.14,44,112,2.53,20,3,tablet,Chrome,North,gold,0,274,1
2e6efb79-0ea4-4cc3-b53f-ddd5df8d9248,52,6.64,13,14,0.58,20,5,tablet,Safari,North,platinum,0,244,0
2f59aa87-75d0-4921-8d8f-9b4a567fc42a,66,8.84,42,88,23.79,10,11,tablet,Edge,Central,platinum,0,273,1
28f920b6-488f-44b8-a41b-8fcb5402d468,52,4.24,26,14,25.42,25,11,mobile,Safari,Central,platinum,0,280,1
05bcb101-47a1-4114-b99e-587b39488ab6,65,5.94,47,130,3.55,15,4,desktop,Edge,Central,none,0,363,1
c1c1523b-62c0-41dd-860f-354ed5728ddc,53,9.7,1,198,13.27,21,7,mobile,Safari,South,none,1,106,0
c310a061-a161-4222-a0ef-4b78aa58ce19,35,13.93,8,48,5.93,25,5,mobile,Chrome,West,none,0,310,0
8232caae-7f87-4596-b422-4b3e5ae144c7,66,23.5,47,24,11.0,9,4,mobile,Edge,South,none,0,279,0
d69219c9-8179-44f5-9e50-f913f5985313,56,7.01,41,163,1.33,11,2,desktop,Chrome,Central,none,0,326,0
68591650-58aa-4ed3-9bff-ba7aad172cb0,49,6.22,7,176,5.35,3,9,tablet,Edge,North,none,0,269,1
8b7dc4c3-ebbd-4443-9f84-769e428cb463,41,6.69,28,163,12.84,5,5,desktop,Edge,East,platinum,1,104,0
ab4f6562-b8ac-471f-a783-a5faa3001d21,40,0.2,12,63,21.95,20,2,desktop,Safari,North,gold,0,124,1
89b207d3-e2d7-49fe-89fa-02a599d68797,49,7.04,6,7,12.58,19,9,desktop,Firefox,East,platinum,0,279,0
98a17e3c-b99f-49c2-9dc5-0fa29919f5f3,54,6.68,35,48,20.89,24,11,tablet,Safari,East,silver,0,110,0
164134c5-58b7-40d1-928c-88d73fa9f594,29,0.07,31,165,28.89,10,3,tablet,Firefox,North,none,0,214,1
f7b85ae4-d303-4059-9eb6-7a4aa0df6b3d,66,1.79,38,187,0.19,24,12,tablet,Firefox,East,gold,0,144,1
3ccc419a-06d8-4882-a5d7-fc86158286d3,30,1.19,45,24,50.52,6,3,mobile,Firefox,South,none,0,241,0
89554e6f-bb02-4321-a48e-bc53223c5053,40,4.71,36,166,64.71,1,1,tablet,Safari,West,platinum,0,80,0
6fb0181a-4d41-4314-997b-5b808c8ecd3a,42,8.82,37,168,31.02,22,5,mobile,Safari,South,gold,1,133,1
a150c0e5-4b6d-4ce2-b4e4-7807e764de7b,52,4.12,39,153,3.36,12,10,mobile,Safari,East,gold,1,197,0
090c2938-2c7f-41e8-b86f-d250abd67ec4,58,36.14,23,66,10.41,15,8,mobile,Chrome,East,platinum,0,257,0
6f4f2bc6-772a-499b-a3f6-954e0d214a15,47,0.23,31,35,13.85,23,8,tablet,Edge,Central,none,0,57,0
8e80684a-b6f7-4fbf-829e-7a90147d806e,34,21.1,36,105,3.4,12,13,tablet,Firefox,East,none,0,30,1
9e2705aa-73e6-41d7-98aa-7d1b1c18ee32,66,7.93,18,17,4.3,8,6,desktop,Firefox,North,silver,0,186,0
93bbc0e5-208d-416a-b7f5-6e35b1cf998e,37,1.88,19,25,2.69,9,7,mobile,Firefox,South,none,0,179,1
e44fc35b-e77f-4c92-aa13-0551a5042373,65,8.75,30,146,9.74,20,12,desktop,Firefox,West,gold,0,50,0
8cfab9ca-c926-4559-89bd-afdca62a2861,42,0.48,17,50,10.1,16,13,desktop,Safari,South,gold,0,284,0
57d56971-cf1a-456e-bc33-d74d67dcadc2,39,3.89,33,127,18.78,3,4,tablet,Safari,Central,gold,0,332,0
2116c187-0f7c-4cb1-8ff1-fdd9850e535e,30,1.38,22,77,0.46,12,0,desktop,Firefox,North,none,1,131,0
7be0b183-5f02-4a29-932e-5b467d77a0cc,36,1.46,22,29,1.28,28,2,mobile,Edge,East,silver,0,241,0
a7ee6144-7c37-4f57-b704-d639cc0f270b,66,11.48,38,67,17.13,20,0,desktop,Safari,Central,none,0,61,0
54d5d5cc-2586-4b11-b290-0b70c105dea7,53,2.24,9,131,35.88,9,6,desktop,Chrome,West,platinum,1,98,1
91f7f1b6-51bb-493d-8341-f5d3600e6790,29,4.26,16,37,4.6,1,0,mobile,Chrome,North,silver,0,105,1
f75ed50c-360e-459d-ae9f-ea21dc889d29,58,14.54,47,150,16.35,0,9,mobile,Edge,West,gold,0,77,0
dc3a0775-45fb-4d28-8a17-ac6dd17f5b69,36,1.89,21,104,7.35,25,8,mobile,Edge,North,platinum,1,273,0
e3a2deed-8f1d-4815-8992-729ad86a07c5,29,2.54,4,39,3.67,21,7,tablet,Firefox,West,silver,0,71,0
ff7705ea-5c52-4779-8e16-7c8906c53d4d,26,1.18,26,72,36.98,5,5,tablet,Edge,North,platinum,1,236,1
b3c228d0-40bd-4136-9e11-21b13db8dca0,24,3.72,43,97,14.49,21,11,mobile,Firefox,North,none,1,158,1
19afa274-2bf7-4d66-b1a7-b14a4af7bd12,45,25.22,19,40,1.6,29,12,desktop,Edge,East,platinum,0,182,1
c48045a9-1be2-4c10-9f02-4c51d55311bf,31,11.6,44,194,0.22,11,3,tablet,Chrome,North,silver,0,237,0
17e8d6df-ce1e-4926-8abb-fbf4c4d7d57d,48,0.4,3,192,25.71,14,11,desktop,Chrome,West,silver,0,233,1
71e536ce-65f9-48d9-ae05-92a7f96f99ed,69,9.14,34,122,0.66,13,9,desktop,Safari,Central,gold,0,204,1
77e9f389-0465-4a2c-bdb2-87b8b5d64c2e,36,5.51,30,118,0.91,9,10,mobile,Firefox,North,gold,1,136,0
6963f193-3e63-4024-8cad-32f2b72616f4,64,3.84,23,146,14.29,13,6,tablet,Safari,East,platinum,0,207,0
07529082-48f4-4f77-9dcc-4cab0b728358,33,3.39,30,58,7.25,10,12,tablet,Edge,East,silver,0,188,0
0c6e9e90-e67f-4ac8-8051-dc417648f814,22,5.25,36,147,5.64,12,12,desktop,Firefox,West,platinum,0,97,0
a6c2e89a-b220-4bec-adb7-ece2148098ca,52,11.42,28,49,7.33,8,12,mobile,Firefox,North,silver,0,126,0
64830a23-5f1a-42b3-8ab8-3c5d6e73aaef,29,2.45,18,52,4.16,18,9,mobile,Firefox,West,gold,1,249,0
a6b80304-b261-451b-ab07-7c2982687775,42,24.85,23,82,21.15,22,8,mobile,Chrome,Central,silver,1,326,1
96d9d077-f9e0-4a25-b1b5-98dd5e1d4bb5,69,11.45,29,23,33.77,29,4,desktop,Safari,Central,gold,1,297,0
1bbc4723-a62a-4266-85d5-d74743a15b33,38,1.08,13,48,4.77,12,2,desktop,Edge,West,silver,1,340,0
823f2153-bbf7-433e-8060-f18b69f283b8,53,2.38,38,51,18.73,16,8,desktop,Firefox,Central,none,0,25,1
b2d24ea8-64ee-4d3a-8465-3249a9cdc2e7,40,12.41,9,141,11.41,19,11,desktop,Safari,West,gold,0,197,0
a1ad94d6-7387-4a73-979b-58bd64b1bc8f,33,20.27,26,148,0.92,17,12,mobile,Chrome,West,gold,0,348,0
00a8b941-93d4-403f-8044-e1d0fa0a2cfb,56,7.09,16,89,0.17,8,10,tablet,Chrome,East,silver,1,281,0
064c74ed-7a22-4f31-ac94-05c39e420db7,62,0.21,11,118,23.3,16,10,tablet,Firefox,South,gold,0,254,0
32832b74-4a0c-4c78-82be-92fe9b059ef6,59,4.91,13,113,31.26,7,5,tablet,Chrome,South,platinum,0,188,0
0aae7a6e-9213-4c4e-85b8-00147799ad31,56,3.76,9,183,3.56,5,3,tablet,Safari,North,gold,1,295,1
c59d5935-a49a-408c-8ecf-b44a84d7469b,31,12.17,46,25,4.33,7,4,tablet,Safari,East,platinum,0,263,1
f62f0fcd-3621-4d30-bc4e-24b07d23e26e,48,2.53,3,128,13.66,21,10,tablet,Edge,South,none,0,49,1
5d99781e-fa4f-461a-8f22-e8769f3e331e,22,14.65,22,173,3.04,12,9,tablet,Chrome,East,silver,0,200,0
64059f45-563a-487c-afb5-69826f5d803d,52,0.76,45,99,6.82,24,0,tablet,Safari,West,gold,1,284,1
cfddb789-b7f0-438a-bbf7-08b712c20212,40,14.07,31,147,1.77,23,14,mobile,Chrome,East,silver,1,349,0
c0538b78-14c1-4f53-af07-3aaf1edd5e6c,46,1.83,32,2,16.77,7,8,mobile,Safari,Central,silver,0,12,0
360beb49-fcb9-4984-bc26-5c2a3ea881bf,60,0.55,17,157,0.47,13,11,mobile,Chrome,North,gold,0,57,1
1f6a3cdd-51d0-42ac-b0fd-e3a3f1d40628,28,0.77,10,198,18.22,3,8,desktop,Chrome,South,silver,0,150,1
1a43355f-d7a2-4225-a5da-4960b377cf5c,35,7.16,36,88,93.6,12,3,mobile,Safari,Central,platinum,1,10,1
4a551e07-1c6e-4f81-b277-588782173617,64,3.94,32,23,8.49,10,10,mobile,Safari,North,none,1,258,0
63663a74-344c-4b95-bfd1-ad599122f1da,29,3.52,5,95,5.52,14,5,tablet,Edge,South,silver,0,20,1
dc9d96ab-1f1b-460c-9711-ca44cc4c56d5,26,12.07,46,51,7.2,18,12,tablet,Chrome,West,gold,0,153,1
124fc56d-63e9-4bac-aa08-91c27555fb4e,27,1.05,3,63,10.98,25,4,mobile,Chrome,West,silver,1,295,1
3b9bfa0b-a52f-46df-a3c1-4d38adf319fa,61,3.19,37,67,4.53,26,7,mobile,Firefox,South,platinum,1,234,0
aceb6db6-aa42-46f7-9e79-40c00af3dd43,34,5.81,9,95,20.05,23,11,tablet,Chrome,East,platinum,0,250,0
d9aeace1-92e1-4970-b551-46684be7d096,55,17.41,17,105,4.07,11,10,tablet,Chrome,West,none,0,350,0
e784a6d1-7685-4d31-9855-055ef61835fc,24,12.66,46,189,9.85,11,9,mobile,Edge,East,gold,0,352,1
15cc6e6b-d045-4523-a967-63c8affe5eb3,63,20.22,31,141,20.92,9,3,desktop,Chrome,East,platinum,0,0,0
e081e41a-bbac-41bb-a59f-c95113dc2aa4,30,8.17,28,18,1.65,20,4,tablet,Firefox,North,silver,0,301,0
86eb7f88-1c5b-4fbe-9338-3f3e08c844a6,57,4.38,45,46,0.51,4,12,tablet,Safari,South,silver,0,363,0
41ab0f79-2d20-4e82-b82d-7553c8199185,59,13.55,17,137,29.48,14,2,desktop,Chrome,Central,gold,0,291,1
b12ef689-8eaa-4519-8e8f-3eaf853fb7f2,26,3.64,22,22,6.91,29,10,mobile,Edge,East,none,0,225,0
9ad34d21-ce6f-479b-bdaf-cf83bbe22763,67,1.03,13,193,6.48,0,6,desktop,Edge,North,platinum,1,304,0
89dbaadc-f422-4fb6-9fc9-342c43c370d8,44,6.68,35,40,35.95,9,14,desktop,Chrome,East,gold,0,238,1
cf559f8e-b3fb-43fb-ad13-dc6f99fa6275,19,7.21,32,73,42.47,9,9,desktop,Chrome,East,silver,1,69,1
18c908d1-e452-4cfb-a0c9-00ffb890d7d2,22,7.67,29,187,6.78,6,6,tablet,Chrome,West,silver,0,0,1
a253941c-a0f2-4621-820c-3853a5e3026b,46,9.11,29,71,5.98,6,10,mobile,Safari,West,platinum,0,217,1
8b8da680-6a7a-4924-af2d-6eb924e72986,54,3.52,34,139,1.55,22,7,desktop,Firefox,South,silver,0,308,1
48e459e8-204f-44fe-a0d5-d1678a1b413d,55,3.61,27,125,25.1,16,0,tablet,Chrome,Central,gold,1,263,0
a7ecd26c-349b-41d9-86af-caac61c907d6,36,16.28,29,73,27.61,10,3,tablet,Safari,East,platinum,0,127,1
9a455d66-1678-4568-b58b-e90f6038ae74,25,4.02,44,118,0.65,2,4,desktop,Chrome,South,silver,0,68,0
2dcf0316-39c6-49a1-98e5-585e09f5ed69,65,1.67,12,58,22.17,20,12,mobile,Chrome,North,platinum,1,99,1
a09031e0-e3db-4ae2-ac08-ed53e66f2e7a,62,10.32,13,140,12.21,6,2,desktop,Firefox,West,platinum,0,248,1
70764b5d-0140-4ce6-a8f5-b85cc0391d6c,18,0.82,32,64,28.45,7,6,mobile,Firefox,North,none,1,219,0
9233b1c6-31e1-438c-a474-66c9760a49ae,39,6.06,48,144,2.95,28,4,desktop,Safari,West,gold,1,139,0
6b2a0145-06dd-4eae-b8df-3f72a9e211e1,69,6.73,34,121,12.31,28,14,tablet,Firefox,North,silver,1,165,0
1e73bd93-10b6-41d6-a6a3-b0e4f26c3009,34,8.49,29,12,6.68,6,6,tablet,Edge,North,gold,0,116,0
c527dbba-3678-4d89-bee5-04718c64c7c1,24,1.3,45,125,13.04,14,13,desktop,Safari,North,platinum,1,209,0
ed7a3912-0822-419b-a911-9ae90374c79e,42,8.14,33,12,5.76,2,9,desktop,Safari,North,silver,0,269,1
1eb238b5-4e21-41af-9500-8e46db0402d1,62,0.55,20,26,20.68,20,11,desktop,Chrome,East,platinum,0,226,1
e84cc077-e989-4dee-b041-34684d3dbb75,21,0.08,19,45,16.05,21,4,desktop,Firefox,North,gold,1,224,1
b1cfe57b-8cb7-4035-93a8-b2b6e8b8c0b2,53,14.42,25,61,4.46,24,8,tablet,Edge,East,gold,0,251,0
cfc72c52-173c-4405-af84-9b8e3217a26c,23,18.9,43,5,3.16,15,14,mobile,Safari,North,gold,0,153,0
9a3b3b68-6ae3-4b2c-bfc8-8bfcca909289,48,1.04,6,53,7.63,0,12,tablet,Firefox,North,gold,0,167,0
406abafb-6618-4ee2-88dc-62bec3eb3abe,36,15.24,40,97,8.5,19,11,mobile,Chrome,North,none,0,188,1
f5aea3b6-0469-442d-9f7f-cbe959484b8c,61,8.84,20,37,5.77,11,4,desktop,Firefox,East,gold,0,67,0
b7b99993-e8c8-4b5e-92a0-3b09072930dd,56,7.59,4,149,4.9,25,11,mobile,Firefox,North,none,0,65,1
ce23a949-d66f-436e-aec3-08d067fd457c,44,2.96,5,16,0.24,25,1,desktop,Chrome,West,silver,0,190,0
ccd6ec17-24bd-49f0-a2ab-5ddb600b7d99,27,3.76,38,169,27.45,20,12,mobile,Safari,Central,none,0,120,0
72fbbebc-3e17-432f-a6cc-8ede58c68d7a,43,2.22,31,155,11.31,15,9,tablet,Safari,East,platinum,1,276,0
7c84516b-4013-429b-a839-987ec396cea1,36,6.33,38,67,3.53,14,4,mobile,Firefox,Central,platinum,0,41,0
b4de363e-97a1-4235-8d67-24bbc9e5e04a,56,2.55,21,48,3.4,6,6,desktop,Firefox,North,platinum,1,242,0
592de035-9335-4426-803b-d1ee509c86e5,20,1.93,45,102,13.62,19,11,mobile,Safari,South,gold,0,294,0
1dbd74ad-bb07-4fef-8547-9c88b4205504,62,7.18,6,151,12.59,13,9,mobile,Safari,Central,platinum,0,75,0
c2a3551e-b433-4009-a964-619cb907335b,30,14.56,5,137,10.27,6,13,desktop,Firefox,West,platinum,0,61,0
0cda310d-f8f6-4322-a4bc-e641ed0dfbbf,67,7.47,14,173,6.13,9,0,desktop,Edge,West,gold,0,186,1
296ef5dc-9282-44f6-9f49-629d05dd11c4,45,0.34,20,31,9.21,12,14,desktop,Firefox,North,silver,0,91,1
90fb32f2-e91d-4a25-882c-e305055d7768,37,12.07,19,67,5.09,17,5,tablet,Safari,Central,silver,1,0,0
9f0d50d4-9bb1-4870-81b8-d13e54fc29c8,45,5.07,21,189,2.45,13,10,tablet,Safari,Central,platinum,0,107,1
6c43ccfd-1044-44ff-b84b-077fe7353f36,25,1.9,35,67,16.25,7,13,desktop,Safari,Central,platinum,0,326,1
cc6e882d-f98f-47e7-8dce-0eaf06c6c0c5,58,22.76,24,105,1.37,4,4,tablet,Chrome,South,silver,0,326,0
276020d3-4e72-4d85-b58c-342f4ed3e97f,56,26.81,46,151,34.13,7,13,mobile,Safari,Central,gold,0,322,0
d98bd7d7-a49f-4d76-9065-767d8fdb0a52,18,7.23,37,26,8.86,20,2,tablet,Firefox,South,gold,1,344,0
22b50008-746c-4c3a-8f08-047d04cf0a6b,20,10.18,15,197,5.63,18,9,tablet,Firefox,Central,silver,1,245,0
0bd84c5c-2c1a-44a7-9568-b202903101a1,30,7.13,27,24,51.09,24,0,tablet,Edge,South,platinum,0,139,0
e775a6c5-52c4-4c63-9805-ea201ea52264,45,5.24,28,46,13.55,11,1,mobile,Safari,West,silver,0,199,1
21fa5f96-495b-45eb-8bc2-968661e23b8d,66,0.36,33,115,0.51,19,5,tablet,Safari,West,gold,1,49,0
d908a6e3-c296-4cfd-a181-c9c5fa454295,42,13.06,42,180,27.86,10,9,mobile,Safari,East,platinum,1,22,0
57c73cb9-f9fb-40e1-8b47-f637be8b0c56,50,2.89,43,53,3.98,26,2,desktop,Edge,East,none,1,286,0
52d42bac-0788-4389-9a3d-96a9f9d6a1ff,55,4.84,44,14,13.05,17,3,desktop,Safari,West,platinum,1,279,0
a01c48c6-6263-465e-98e2-af90bf23a3c9,23,1.87,15,112,0.59,23,5,tablet,Safari,East,silver,0,167,1
ec2cff1e-5630-4342-9986-6c0d3a8daa07,61,8.39,42,31,14.04,15,0,desktop,Firefox,Central,none,1,108,0
ade6e0f8-120f-4c7e-8749-2bf4f7c53659,62,32.6,28,193,22.86,14,4,mobile,Edge,North,platinum,0,358,0
176db792-0091-4a74-930c-87bdae95aa2d,49,0.97,33,114,6.93,18,5,mobile,Firefox,West,gold,0,54,0
c637a6f8-cfd5-428e-b11b-d200733e9f91,62,3.16,22,48,32.11,19,12,mobile,Firefox,Central,platinum,1,228,1
6c793a21-c085-424f-8b1d-5d8ee086daf3,64,8.78,29,18,7.8,16,6,tablet,Safari,West,silver,0,333,1
6e6ab456-a335-4b4d-beb9-0fe88e5d3e35,38,5.01,19,16,1.22,13,3,desktop,Safari,South,platinum,1,358,0
57e05f7d-942b-474a-a371-e62e70569f14,33,6.81,4,178,1.94,7,14,tablet,Edge,North,gold,0,294,0
f8bddd42-8e2c-4f44-bb47-b7c44057ad8a,38,25.77,31,83,7.5,19,1,tablet,Firefox,West,none,1,290,0
b9b08daf-fc80-4b9a-a8b4-baf331c7b6c8,28,1.11,40,76,30.5,21,7,desktop,Safari,South,silver,0,240,0
be05ea4c-d079-40b6-b47f-95a695ceb206,54,2.13,39,43,9.61,11,0,desktop,Edge,Central,silver,1,194,0
95a5694e-85ea-470b-ac40-36b2f0fa3342,53,1.78,45,110,20.45,21,0,mobile,Firefox,Central,silver,1,163,0
111b3fc2-fb43-4dbb-a578-b7363506b5b5,52,20.99,35,139,22.51,5,13,desktop,Safari,East,silver,0,55,0
9a518c6b-a8b0-4be9-b028-1f6988f03138,36,9.44,10,56,22.23,19,10,tablet,Firefox,Central,platinum,1,304,1
52326710-a3e2-4f71-9e2f-93f141f9e378,37,32.51,49,159,43.18,12,3,mobile,Chrome,West,none,1,266,0
1cb01f63-84bf-4102-a89e-dca63cef35ab,35,0.55,21,76,2.94,9,12,tablet,Chrome,East,gold,1,94,1
6179736e-73c9-404e-ace3-c7dbf0886ca8,64,6.99,37,168,24.27,14,4,tablet,Firefox,Central,none,1,324,1
3fb20a1f-e4c7-4901-a292-9165c49da719,58,10.04,14,116,14.57,15,3,mobile,Chrome,West,none,1,202,0
ff4ed1b7-6e05-4a20-8e86-4198afc72223,66,11.2,12,190,13.93,18,6,desktop,Firefox,North,none,0,91,0
3583d755-f86f-4869-b25a-c74fe9a928a1,31,1.43,6,18,0.13,20,6,desktop,Safari,North,silver,0,34,1
e5d95d72-a092-4e11-9f3a-cdd2bda29156,32,2.18,26,185,5.49,23,8,mobile,Firefox,West,silver,1,49,0
8a7694ec-3d5b-4593-8494-a3ff07d0915f,48,7.02,10,95,16.83,2,12,mobile,Firefox,South,silver,0,266,0
3f8b4964-f8ad-450c-a021-1258b6ebf8a0,18,9.22,21,8,14.86,24,5,desktop,Safari,West,gold,0,342,1
00fe6dea-06d4-4ad2-a717-33fd32c6b1ad,20,0.2,11,69,19.85,5,14,desktop,Chrome,East,none,0,161,1
87638170-3086-40cb-bf71-bd28ed1f91e4,33,13.74,3,159,12.67,7,0,tablet,Firefox,North,silver,0,56,0
9c1e4460-d436-4006-a532-ee98fc00314e,40,7.39,3,172,15.36,3,6,tablet,Chrome,West,none,0,150,0
5ee2f262-0d47-4186-8cb2-9fad380a14d6,28,3.98,38,151,5.69,22,10,mobile,Firefox,South,none,0,196,0
95e5c9f9-803d-45a8-80ae-f2b0b15fc531,29,5.94,3,13,24.58,28,13,tablet,Safari,South,platinum,1,296,0
21993c9a-6d0b-4061-9d79-1a69d2cebed8,27,4.19,38,173,17.85,21,1,mobile,Edge,North,none,0,317,0
aaadfa55-8f38-4c9c-9b83-4556ab489b39,49,2.72,28,101,0.85,23,8,mobile,Firefox,North,silver,1,66,0
52522664-7dab-4664-9a2e-8075d0bd5c75,33,2.2,5,170,0.29,10,1,desktop,Firefox,North,none,0,226,1
49fd34d3-a4b3-43c0-808b-a8cbeb588079,25,4.53,28,54,12.17,17,14,mobile,Firefox,Central,silver,0,37,0
5c958f3b-3511-422e-9003-79009125c671,55,10.73,28,18,4.32,23,11,desktop,Safari,South,none,0,75,1
171fff8a-9219-411e-9304-a512630eb444,29,3.18,17,173,2.34,21,3,tablet,Firefox,Central,silver,1,213,1
423ee1eb-ffa2-443b-94b9-1266337ce6de,41,4.55,24,65,2.76,21,10,mobile,Chrome,West,gold,0,106,0
310d9d72-6ca2-4cd2-97a9-fdce8e6f4071,45,8.19,4,166,6.0,9,10,mobile,Firefox,Central,silver,1,227,0
6cb03bd2-1f29-4abe-954c-96251cbfc6c1,25,4.02,19,1,6.75,18,12,tablet,Chrome,South,platinum,0,114,0
052c6451-57e3-4c11-8e77-4477c34d45a1,45,3.32,39,196,25.19,6,11,mobile,Safari,West,gold,0,6,0
313cdc3d-c7ca-49bc-bb4c-b758287f85cb,53,12.25,45,64,43.3,10,2,desktop,Chrome,Central,silver,0,155,0
5f1347b9-be34-426b-8dcb-d74a8d8bcd46,43,5.06,2,123,26.38,10,14,desktop,Edge,North,none,0,170,0
5596ace5-e081-44fd-b694-6cee50c1500d,25,1.16,7,8,3.4,9,5,tablet,Firefox,North,silver,0,242,0
1c39f204-e57b-40ab-8945-65c625e8e216,67,0.05,24,5,26.62,27,13,desktop,Chrome,West,platinum,0,155,0
09f52682-77e7-4228-a097-260d1942774d,45,18.53,12,160,13.03,23,13,desktop,Firefox,North,gold,0,1,1
fb5845f0-2de2-47fa-a887-9c7be87ee52a,45,28.0,19,49,22.7,11,4,desktop,Firefox,North,silver,0,101,1
0ec52628-5baf-4f33-8166-79a1df8cb59d,54,7.13,42,101,4.95,26,0,desktop,Chrome,South,none,0,364,0
b8dc7b80-16f9-4834-812d-4d2e3a53d97c,58,6.18,41,90,10.84,27,7,tablet,Firefox,South,none,0,343,0
4a3cc8aa-d979-4881-947a-419b968e1ae8,53,9.13,5,184,6.59,5,5,tablet,Safari,North,gold,0,277,0
d8b4cabe-85d0-425a-bdb0-28fd47768e57,44,10.0,13,189,4.86,29,9,mobile,Chrome,South,gold,1,66,1
7744e59b-04b8-4158-9ea2-410a1ac60451,34,6.07,14,35,14.29,18,13,mobile,Edge,Central,silver,0,231,0
f5cd88d3-35b1-4193-b939-593ee35048a9,26,2.13,32,77,12.58,13,12,mobile,Firefox,West,platinum,0,207,0
db9dff99-8b97-4735-9478-80f7d28823c6,50,2.75,28,63,49.28,21,6,desktop,Firefox,South,none,0,194,0
1850712e-f18c-4e51-ae0a-1b34a0bbdeae,37,0.07,43,10,0.22,1,4,tablet,Edge,East,gold,1,61,0
8db9dc4b-8fdf-4b63-a7b0-0dda7fd71230,30,13.27,27,194,17.56,6,0,desktop,Edge,North,silver,0,8,0
d4b0111d-966f-4f57-8e55-ffce1ff3a469,45,18.88,30,44,24.27,25,1,desktop,Chrome,West,silver,0,252,0
105850b8-2c75-4e8f-8981-d9b0a9869494,65,0.94,32,119,8.08,18,7,desktop,Safari,North,gold,0,211,0
5f4b415f-5c99-4465-ad69-cbd8ecfc1bb9,46,10.95,46,27,0.59,24,8,mobile,Firefox,East,gold,1,26,1
e9162dcc-ae95-40dd-a74d-9d8fc4719a21,30,15.1,21,70,6.68,6,14,mobile,Chrome,West,none,1,279,0
580238a0-5705-4b34-9bcf-7bc8425132f3,63,7.92,43,181,4.97,29,14,mobile,Safari,North,gold,0,37,1
9504e01a-682c-4781-accf-7150e50a52d2,52,0.86,49,86,19.0,7,9,mobile,Firefox,South,gold,0,356,0
0ef32c74-650f-4bb7-9750-e81170ab9daf,23,10.44,27,77,48.27,25,1,desktop,Firefox,East,platinum,1,140,0
5700e35b-dfd9-4ad3-81ba-a85774c4140e,35,0.01,32,46,6.83,5,5,desktop,Edge,Central,none,0,153,0
62ee0072-e84e-4dcb-a782-fc5d9502970c,68,19.4,1,69,11.84,9,7,desktop,Safari,North,platinum,1,336,0
7b1a9b02-392f-4ec0-ab8f-4b26738494dc,22,3.02,5,96,7.61,26,13,tablet,Firefox,East,platinum,0,239,0
0e94f693-bd8d-47a4-90ed-e6d2430af032,64,9.93,8,156,16.97,17,11,mobile,Firefox,South,silver,0,144,0
0d5573e4-4813-4d13-bba3-addec77e7ce2,42,25.54,45,24,33.66,0,2,mobile,Chrome,Central,platinum,0,286,0
3f7f2b71-c94b-4e66-a6c9-3cf8cac5d0b7,19,35.42,2,51,6.78,15,12,tablet,Chrome,South,platinum,0,278,0
0618c90f-830d-4186-bb08-d03c3a95102a,27,17.45,41,83,10.32,25,12,tablet,Chrome,North,silver,1,70,0
2cbe333e-577d-4a16-b9b5-42f84cd7074d,47,1.33,20,14,4.86,16,5,mobile,Safari,North,silver,0,163,0
a2642e36-f870-42e9-9ce8-9912617c7899,67,11.45,5,16,13.61,27,2,tablet,Chrome,South,silver,0,108,0
34df5a5e-a18e-4b7c-8b71-2ded468ed791,62,4.2,33,196,39.88,12,10,mobile,Edge,East,none,0,137,0
b5f5aea5-585c-4258-ba1a-3ad035667f50,22,0.06,42,198,8.0,19,3,desktop,Edge,Central,silver,0,170,0
9dcf3c21-9659-432f-b6c3-a5ae26554143,50,2.8,36,164,6.29,7,13,tablet,Chrome,North,silver,1,14,0
31e54fb0-5d63-4775-8f9f-2def69c16854,18,5.94,5,23,9.34,23,2,tablet,Edge,East,gold,0,16,0
3687adea-068c-4496-b503-7597df73f51c,35,5.04,5,105,0.8,23,13,tablet,Firefox,West,silver,1,32,0
ee02962b-b1bc-44c0-91d6-76f7d8981de0,49,14.54,34,165,0.37,19,11,mobile,Chrome,South,gold,0,261,0
e97b8feb-9148-463e-91aa-1f78242badc3,64,3.49,41,179,6.52,12,1,tablet,Chrome,Central,silver,0,22,0
3c65c6f7-baa5-4949-9a05-acf219ee8b9f,66,2.53,9,133,11.78,0,2,mobile,Edge,Central,gold,0,306,0
36e9b975-2432-42e1-817f-f904886be317,28,19.13,20,164,1.82,26,14,desktop,Chrome,East,none,0,86,0
531e2976-531e-4619-80ed-1e08b39d9ced,38,4.82,14,181,25.07,26,2,mobile,Edge,Central,gold,1,289,0
00b8b931-38b6-480c-81b4-3d6b4cd2c824,43,17.09,10,26,13.46,11,6,mobile,Safari,West,none,0,359,0
250739f3-2895-46b7-b10b-5d652abe0876,42,1.47,23,162,0.8,4,11,mobile,Safari,South,silver,0,119,1
360ee3f8-342d-4bf4-ba16-f8ef8e7a4b07,39,2.51,41,91,0.26,9,11,tablet,Edge,South,gold,0,300,0
5667e6d7-ba30-499e-9184-138f62972a98,44,23.22,16,111,34.15,3,8,desktop,Chrome,North,platinum,0,89,0
b6aa3517-470e-466f-8bf2-74b7e68ba3d0,66,1.08,15,80,16.16,12,7,tablet,Firefox,West,none,1,57,0
bf476811-4486-4e02-88ca-e96156d2670e,30,9.32,44,93,13.42,16,9,desktop,Chrome,North,platinum,0,116,0
53c27f4c-1eea-4b2d-b0f0-53fa3ce14e32,50,4.91,14,16,2.24,9,4,desktop,Safari,East,gold,1,180,0
a9482052-22a2-4db6-a9a7-796ee8ff137c,51,3.19,27,132,18.85,12,7,tablet,Firefox,West,silver,0,180,0
3f63ab5f-e88c-4070-9308-ecd9cae3f157,58,16.56,20,136,1.78,25,11,mobile,Chrome,North,gold,0,358,0
f74ebfd7-2fb8-43b7-8406-07e98ddd8bc1,52,17.12,24,165,0.55,19,11,tablet,Chrome,Central,silver,0,143,1
a897ad73-67b6-43d1-adda-de656b0f1a7d,18,2.13,2,29,4.81,1,1,desktop,Safari,North,silver,1,79,1
c36c22f7-1003-44bb-9e8e-70804aa8ed95,38,13.33,11,17,5.85,6,11,tablet,Chrome,West,gold,0,174,0
540414a1-12b4-417f-8817-816e6ffbed81,65,20.15,26,146,1.05,27,1,mobile,Firefox,West,silver,1,216,1
0fd53f3c-a9d0-48e0-a301-39a6eced6f07,23,12.14,11,164,6.18,20,9,desktop,Edge,East,none,0,303,0
59f107c7-2449-40e6-b2f5-9ea5eca2f7d9,45,9.83,43,113,14.11,23,2,desktop,Chrome,North,gold,1,203,0
0617f4d1-517b-4c2a-9f8b-b4ade2d89f9e,34,34.09,46,142,8.01,27,9,tablet,Safari,South,none,0,221,1
1b4933f6-e8f7-4dcf-aa8c-d7695c34c542,22,1.49,26,9,2.3,19,1,tablet,Chrome,North,none,0,167,1
458e163d-1e9e-4a85-a763-16fd05b5e00a,48,3.63,17,5,4.36,14,6,mobile,Safari,South,silver,0,137,0
952e19ea-3f56-42da-b87b-2fefba16f00e,22,2.96,30,22,25.69,3,11,desktop,Chrome,West,platinum,0,314,1
014ac98c-efd3-4381-8645-390629f4ad03,55,2.39,9,136,15.6,18,9,desktop,Chrome,West,none,1,348,0
93d049fe-53a1-4321-89d7-3f6ec457fdd9,20,5.41,39,118,7.83,21,9,tablet,Safari,South,platinum,0,154,0
749e47ae-7e8c-46c3-8597-675d5a71aba0,40,0.19,31,50,0.42,18,5,mobile,Edge,North,none,0,257,0
7586077d-b3c0-44ac-867a-23eb7bd1bf92,54,0.44,8,158,2.71,15,1,desktop,Chrome,Central,gold,0,60,0
1b778779-13af-478d-8610-b50fd35fb0d7,54,0.13,30,88,28.56,13,11,mobile,Edge,Central,gold,1,248,1
a051413e-69c4-41d8-a8b8-15a1f27f9892,27,9.69,37,163,13.06,12,9,tablet,Safari,West,silver,0,168,1
0e87070b-841d-4a40-889f-5fe85a8ad4a8,27,3.4,20,43,2.05,4,7,desktop,Firefox,East,gold,0,25,0
b91ccf3b-b1e7-47aa-b090-754fa2000fda,36,12.9,14,20,7.56,9,8,mobile,Edge,North,platinum,0,208,0
0492d05e-f2c6-4258-b6f6-9e6e20ae43be,34,5.77,19,98,5.07,22,14,mobile,Firefox,East,platinum,0,241,0
9ba49064-0fc0-476f-8836-6044002baf2c,38,1.28,36,171,5.51,19,1,desktop,Safari,East,silver,0,309,0
af394b56-ae86-4c11-bf84-0a9a4eca1e39,31,35.27,13,165,37.45,20,3,desktop,Edge,Central,gold,0,40,0
14c6a461-b311-4a7d-90ac-7d290321f891,26,10.85,44,22,20.12,17,12,tablet,Chrome,North,platinum,0,64,0
5689aa2c-5afb-452b-9ca6-e66edba38caf,63,3.5,34,79,7.46,17,6,tablet,Chrome,East,none,0,207,0
ff4c3b55-9556-4e4a-9b12-cd2871c67a87,18,6.74,33,42,23.52,1,9,tablet,Safari,North,none,1,274,1
2478eaf5-7e67-4219-b6d8-e1f25459c5fc,68,6.65,6,108,3.55,16,4,mobile,Chrome,Central,platinum,0,342,1
6ca8c450-5b3f-4efe-a444-5f34c38f7a86,62,4.84,41,182,24.31,21,4,tablet,Edge,North,gold,1,92,0
08425a1b-0646-4e99-8481-38e309dbcf64,30,7.84,9,171,35.59,6,13,mobile,Safari,South,silver,1,316,1
c1d3f64c-f8a5-4379-8629-d2f63f7bc9fe,21,3.7,10,120,21.26,22,11,tablet,Chrome,East,gold,0,163,1
1a01bd35-31a6-439a-ac46-d41e80a3ebd2,18,9.73,23,63,2.81,16,13,desktop,Edge,Central,silver,1,249,1
b7029975-a7eb-475a-b0b6-f6e0bb14c546,66,5.96,15,143,33.95,28,10,desktop,Edge,West,gold,0,61,0
48458154-c995-474e-b1b9-82f5b93571d1,57,4.31,33,44,7.38,13,9,mobile,Chrome,South,gold,0,92,1
6f9ed801-9626-4ea4-8e6f-1d8266cda906,49,4.37,35,174,11.7,26,9,tablet,Firefox,Central,gold,0,115,1
3f291b7b-e865-450a-bed5-18c1ec6f4651,51,5.19,37,118,8.81,22,2,tablet,Edge,West,gold,1,326,0
091a17c0-76b4-4452-96cc-44219e5d4d43,45,9.77,25,163,11.07,7,10,desktop,Edge,Central,none,0,186,1
aaa3724b-5022-4928-bfd4-05fc4ba4774c,48,2.41,49,66,17.11,26,4,tablet,Chrome,North,platinum,0,67,0
20050f18-5ec2-43c9-9c5c-e399f7d7e3a6,25,1.51,10,40,13.2,14,10,desktop,Chrome,West,none,0,338,0
01fa7eb0-fb1d-43b9-bb90-bc24d234a10e,56,1.35,39,70,7.15,26,9,tablet,Firefox,Central,gold,1,102,1
d1e9ff9c-41ab-4d09-a7a6-38862f945c87,43,11.49,15,158,5.73,11,13,desktop,Edge,North,none,0,60,0
cb35188a-c6c2-42eb-92e4-9829e357bfd8,51,5.86,1,66,31.13,2,14,tablet,Safari,Central,gold,0,82,1
124b5639-4ea0-44f4-b68b-44611ee355c0,20,26.61,42,50,29.45,1,10,mobile,Safari,North,none,0,356,0
f92fe070-1ece-4bf0-9b00-1d55b9ef3adb,67,2.54,25,83,6.17,14,4,tablet,Edge,East,gold,1,114,0
25055fa3-0703-457a-9e9f-72401f8da725,29,0.48,8,33,5.07,25,2,desktop,Firefox,East,none,1,306,1
30cca9d3-9338-49b5-8b91-356377c2a86a,18,1.11,25,118,7.29,16,7,tablet,Safari,East,silver,0,96,0
f375b016-b5cd-4fbf-87dd-2e03589e8f3e,61,20.6,49,142,6.23,8,6,mobile,Safari,East,gold,0,223,0
7a623dfd-c90d-45c1-b2a2-523b7947bf9a,22,1.28,17,163,5.72,15,9,desktop,Firefox,South,silver,0,348,0
d1920364-fa69-4f1d-bc90-d3b7a77b9754,47,17.66,41,2,13.61,3,11,desktop,Edge,East,platinum,0,173,0
9e937f82-3078-4fc0-b611-83c6b039fee4,47,0.95,43,166,18.84,1,12,tablet,Safari,Central,silver,0,65,1
c1355036-ca14-4bfc-85d7-d57e23ba1c2b,34,2.35,48,71,1.45,22,9,desktop,Edge,Central,none,0,316,1
0d20c448-5d37-4cbe-8d72-a9f25184fc5f,65,10.23,35,114,3.51,25,9,mobile,Chrome,North,gold,0,281,1
01f3c44d-306d-4424-9a60-74a47e40bdc6,64,1.92,3,11,0.72,11,14,mobile,Firefox,North,none,0,322,0
1c0bdd70-0aed-4a7f-a3d7-16bf2214bb56,40,2.89,47,17,5.44,16,3,tablet,Safari,East,silver,0,48,0
21518d62-8746-4eb7-994a-f857dca99268,32,3.98,49,71,0.79,4,12,mobile,Firefox,East,silver,0,269,0
50c66ebc-0581-43cf-b8ac-ce45ab733835,54,1.05,28,131,14.76,24,6,tablet,Safari,West,gold,1,278,0
85fc31a5-60fe-4a22-a1a5-414cb37824f3,38,12.05,26,74,12.71,15,12,mobile,Edge,South,platinum,0,103,1
a61c961b-bba6-4b56-8d7e-ca63d815aaa4,31,5.26,25,96,0.93,0,4,tablet,Safari,East,silver,1,97,0
a4f2e968-2884-4a47-9164-21f693c066f0,19,10.98,33,46,0.75,9,10,mobile,Safari,North,none,1,31,1
a62b1e81-753f-42ca-bd4b-5f4f0be0ce4b,28,6.23,5,159,3.51,24,6,mobile,Safari,Central,silver,1,211,0
3b4ee69e-8661-4463-ade3-0ad6702f1a5c,68,6.22,2,86,7.93,8,7,mobile,Safari,Central,silver,0,42,0
3b131c5e-f647-4adc-bdda-8088d6157e31,56,9.7,5,141,1.81,27,5,desktop,Firefox,Central,platinum,1,307,0
3b3ad02a-9219-47a6-8f03-657e31dcfbbb,55,10.43,22,28,4.8,26,13,desktop,Chrome,East,none,0,162,0
570c9053-565c-49ad-afc0-5d037babe8fa,51,19.59,5,163,8.54,25,13,desktop,Safari,West,gold,0,332,1
9f9b3081-b63b-491c-a0de-6a73d3e04b81,55,5.13,32,60,11.58,1,11,desktop,Safari,South,silver,1,290,0
1da363e6-b6e8-469d-b971-2d71d3f24401,67,9.54,30,50,12.08,10,14,tablet,Edge,East,gold,1,65,0
b6ff6603-448b-4ffa-84d0-cce0e7ab4cf5,51,0.9,36,23,6.5,19,7,mobile,Edge,Central,platinum,1,122,0
b28c72c6-7414-4bd5-8370-a4f965177e7d,35,9.37,39,65,1.63,0,4,tablet,Firefox,South,platinum,0,144,1
a971cd64-7f0a-488c-82ec-1afc1db281db,47,3.97,33,196,3.76,3,14,desktop,Chrome,Central,platinum,0,333,0
8c527e66-cb4f-4ad6-9b54-59552c19e904,32,4.42,2,106,11.43,21,14,mobile,Firefox,Central,gold,0,4,0
5e7c3d13-eba1-4db3-9bf8-f237403af90a,44,41.57,42,64,0.85,16,11,tablet,Safari,South,platinum,0,309,0
20b19b0b-84ee-4c11-85c4-f5129da3d3ee,68,12.98,33,21,1.45,1,12,desktop,Firefox,East,platinum,0,26,1
59968f9e-ad3a-43c4-b252-525a2058a751,51,13.62,12,75,0.66,14,5,desktop,Firefox,West,none,0,346,0
ca92c329-97ef-4a67-85c7-5d5aba95a843,69,12.55,45,79,4.07,9,2,tablet,Chrome,West,silver,1,109,0
270db9e1-c4f1-49fc-a07e-f71825fba1ca,55,6.04,12,165,0.02,8,13,tablet,Safari,North,platinum,0,202,1
5792474e-5268-4e03-b672-7a485f5923b3,50,0.3,22,150,8.6,0,8,desktop,Safari,West,platinum,0,69,0
3dcb1b30-c7e6-480c-a036-13fd78139c2f,41,7.82,17,198,31.55,3,1,tablet,Safari,South,gold,0,254,1
ed3d511a-562d-4758-bbc2-71aa4b8de22b,32,9.64,29,65,0.55,21,5,tablet,Firefox,North,platinum,1,288,0
89cf165a-3a59-4bee-a46b-bed3889faf44,47,14.21,45,58,5.36,1,1,mobile,Edge,West,silver,0,114,1
99a7fafe-ad44-4063-b132-6a3d1bb50827,59,12.33,16,185,25.64,19,7,mobile,Chrome,West,none,1,44,0
f473f3bf-c3a9-4153-a11d-2c63a31cad1a,68,0.79,5,4,10.74,26,11,desktop,Chrome,West,silver,0,363,1
1951e6ad-e7dd-4b01-9a35-2a60871d88d9,34,4.83,42,2,2.21,13,0,mobile,Firefox,East,gold,0,81,0
79d219f8-0a18-42db-889a-36cb156b4705,22,16.97,40,108,16.0,4,6,mobile,Chrome,West,silver,1,236,0
5cb75a0c-ce7a-4bda-8f3f-21a5b58ca9bb,46,1.0,14,11,4.62,16,2,tablet,Firefox,South,silver,0,184,0
f59d1a48-6d1f-4013-9616-09a7dc0b677e,21,5.81,33,84,23.12,20,8,tablet,Safari,East,gold,0,171,1
6385b9f2-1683-435d-8fc1-d50c67b7b975,27,17.3,16,156,10.51,25,10,tablet,Safari,South,none,0,310,0
b8c8359e-8841-47fc-aa07-3996fb565416,34,13.29,45,92,17.0,6,2,desktop,Safari,North,silver,0,191,0
a28025c5-de71-483c-a7d1-c2b34b822f2d,27,3.06,15,159,10.1,9,11,tablet,Firefox,East,platinum,0,105,1
3896c086-fd34-4ac1-a0de-9e95bc1229e2,34,22.27,13,34,29.48,5,5,desktop,Chrome,West,silver,1,276,0
9089e21b-cc1e-4980-b7f9-3bce73e60621,37,0.12,8,199,8.26,24,4,mobile,Edge,West,platinum,0,101,0
4864257a-012b-4355-96f1-3267b202bbb7,41,2.44,25,116,5.72,22,4,mobile,Chrome,South,gold,0,185,0
9058cc80-e9fc-4fd2-a05d-882985dab228,22,3.28,46,163,6.31,10,9,tablet,Firefox,North,platinum,0,32,1
d84b2782-edae-48a2-a17b-e36fbe549045,51,5.29,37,182,9.2,4,14,desktop,Edge,Central,platinum,1,37,0
2f6075f3-aea1-49a4-b281-490c1b452322,23,4.37,41,99,0.07,25,1,mobile,Chrome,North,none,0,259,1
e70def48-1a63-4dd1-9584-997b11467a0d,19,7.31,2,83,30.15,13,11,mobile,Firefox,West,platinum,0,120,1
1ee851d7-2824-4544-8543-abdc81f10088,30,11.45,19,4,52.8,28,7,desktop,Edge,East,platinum,0,57,1
2c2e6403-c4ab-42de-9b59-7ca4df1b7ea5,60,8.19,33,81,12.92,7,0,tablet,Chrome,West,gold,0,256,0
df031dfe-0d54-4ede-be7a-131fa2ea9a9c,60,7.72,44,20,7.67,25,13,desktop,Edge,Central,platinum,0,26,0
94e1dffc-a75a-4098-bbb5-d6a59067c504,65,1.31,28,55,19.62,19,2,desktop,Edge,East,none,1,49,1
b19cedbb-ad25-4bd5-83c7-82fc51f743ac,28,16.8,13,116,9.56,10,5,mobile,Firefox,South,platinum,0,82,0
dc12e226-1eab-4927-989b-440584bb13a9,68,4.3,14,150,16.48,17,2,mobile,Safari,West,gold,1,144,1
4c25f204-0a90-413e-aba2-c61c55c2e321,64,9.4,2,116,30.73,26,13,desktop,Firefox,West,gold,1,129,1
0c306709-1c03-48b6-8bea-03f783c92608,40,11.95,46,30,35.05,27,1,desktop,Firefox,East,silver,1,98,0
a8940924-a6c7-49bc-ada0-7bd846d13589,33,8.86,36,134,3.26,3,12,mobile,Safari,South,platinum,0,362,0
8e701d1f-a44e-4610-81a2-ac6f6a6c6821,48,2.93,5,125,1.05,10,8,desktop,Firefox,North,silver,1,53,1
c3e62b66-4734-477f-96f1-385bf1cc2344,28,9.03,18,21,1.06,6,6,desktop,Firefox,North,silver,0,8,1
bbbb7615-1db6-4eda-9f52-363e54619b01,33,13.6,42,171,2.99,9,10,mobile,Chrome,Central,gold,1,85,0
abe9f1b4-dc87-4fec-9430-5286ee8316d9,25,0.49,14,75,7.75,16,3,tablet,Chrome,South,none,0,341,0
3877cbe8-f7ea-4cf7-8a54-fdd296a95c71,21,3.13,17,5,21.48,28,11,mobile,Edge,West,gold,0,194,1
43f58875-0011-408c-874b-b44a08844418,57,0.84,23,111,10.71,11,6,desktop,Firefox,South,silver,1,317,0
b1cc066f-1290-4ee1-a984-55d634191819,21,2.54,46,119,8.01,17,13,mobile,Safari,South,none,0,60,1
19b43832-f508-44b4-9bbe-afee62df6b9e,42,6.98,8,45,2.16,17,10,desktop,Safari,South,gold,0,151,0
d6546076-e7a2-4960-9e93-d4b13decdc57,20,3.64,32,119,24.37,17,12,mobile,Firefox,East,gold,0,283,1
f21277b6-3ff4-45d1-a39b-e153ccf32044,49,12.6,24,73,2.2,18,7,mobile,Firefox,West,silver,0,164,0
b2633227-b4eb-46b5-961a-e3b1b7d10365,20,0.84,19,135,13.25,13,13,tablet,Firefox,North,silver,0,12,0
ab497595-772b-4e5b-b6ed-553176eeb5a1,44,4.28,1,18,15.67,29,10,desktop,Edge,West,platinum,0,321,0
deba5e9c-35af-4832-b69e-c12e6fde9c18,46,10.33,21,153,14.18,7,13,mobile,Edge,Central,none,0,5,1
ace39a80-4c7b-4f01-bcaa-707e8ff0f419,49,6.54,39,155,23.86,1,0,tablet,Firefox,East,platinum,0,72,0
7707d37d-6588-4438-ad49-4141dd26ef3f,67,10.41,9,8,13.91,7,11,mobile,Chrome,South,silver,0,46,0
0d0ef02d-c3e2-42b9-8a18-8c1d7825a62f,68,0.8,13,106,2.22,6,12,desktop,Edge,East,none,0,286,0
14a528e2-c2f2-47fc-b86c-e4d761489119,36,2.41,5,2,32.22,6,9,mobile,Safari,South,none,0,3,0
75b06398-33b5-47fc-a0cb-5701f17db1e6,38,1.1,47,14,18.27,18,10,desktop,Firefox,West,platinum,0,195,1
f4eb9f87-0040-46ca-856a-f7e48416c2ba,22,6.0,7,135,4.6,29,12,mobile,Safari,West,none,0,341,1
3ef42946-8f08-4eac-bb6c-5c00934de69c,35,1.73,1,48,1.02,22,0,mobile,Edge,East,none,0,169,1
2169199e-aa5f-4fe3-802f-5ff43ba38569,45,0.78,20,181,2.65,17,3,mobile,Safari,Central,silver,0,351,1
d516e684-f63c-4960-8444-9816632a9b65,59,6.07,17,155,5.52,8,2,tablet,Safari,Central,none,0,224,0
24a28dbb-08d9-400b-add4-e75893a09ba9,39,16.96,2,194,26.29,17,3,desktop,Safari,East,silver,1,65,1
eeda67c3-1c5f-461f-a37a-4370c6e4e717,38,34.63,37,41,21.72,9,5,tablet,Safari,Central,silver,1,221,0
bb73d053-130a-48b5-8bf4-78a4b97ae529,23,17.51,18,45,12.33,8,5,mobile,Chrome,West,silver,0,40,0
f4493a76-17e7-4f26-b266-d25636601bee,18,7.08,26,95,2.05,15,6,tablet,Safari,South,gold,0,195,0
145911b4-93c6-47d1-9c72-31b3557c56d6,22,0.52,21,121,0.42,2,3,desktop,Edge,Central,platinum,0,20,0
527968dd-05d1-4edb-b2a9-06f12a15bdde,58,0.16,46,148,22.56,1,11,desktop,Firefox,West,gold,0,243,0
00eeeb4e-2f47-455f-90cb-1147e42e4141,29,1.52,31,130,3.29,2,4,desktop,Safari,Central,none,0,356,1
d61b5c7f-8440-43f9-9fa9-169a9e40ddc2,43,0.86,12,184,14.45,27,11,tablet,Firefox,South,none,0,264,0
36381e7a-5102-490e-a417-5b3c593b6569,63,0.56,39,111,12.12,7,9,tablet,Edge,West,none,0,156,0
8939094e-2ece-4ecb-b58f-3a50bf5f0c05,51,2.72,38,189,8.55,16,6,desktop,Firefox,West,silver,0,321,1
97aafbf9-8ee9-44fa-946e-7d33a981537d,66,2.86,47,148,6.7,11,13,tablet,Chrome,Central,silver,0,192,0
0165ea32-8bfa-4d10-9789-10f07cde59ec,31,7.87,1,15,24.57,25,3,tablet,Chrome,East,gold,1,192,0
f2b47f11-c590-49d5-bd79-820cbe47753f,43,1.63,25,76,3.82,29,8,desktop,Firefox,South,none,1,243,0
4537fa0c-141e-4d55-af1f-10a0b6c45648,62,2.58,44,3,7.67,14,10,desktop,Firefox,North,gold,0,314,0
0c304a34-6858-44c3-8cdf-1a7501063cba,44,6.73,40,2,5.01,2,9,mobile,Chrome,West,none,0,308,0
d06dd021-c17b-429d-9148-44e1e3de037e,26,5.03,20,90,29.55,6,14,desktop,Edge,West,platinum,1,272,1
b93021d4-d7a4-4dd3-b62c-5923ca4735e2,43,7.31,19,127,1.21,24,13,mobile,Edge,West,platinum,0,75,0
7cbbf383-2295-47e4-a351-9c6efad577ef,64,2.92,22,168,10.72,27,5,mobile,Firefox,West,platinum,1,258,1
272d6b4e-43a4-4820-9cad-82180a309529,39,2.41,43,147,40.35,12,9,mobile,Edge,Central,silver,0,329,0
327bd462-0bc2-470f-9426-705bb3ddb394,64,3.13,14,31,11.72,27,7,tablet,Firefox,North,gold,0,354,0
acf156b0-b226-4863-b51c-52bf4875a06d,47,5.18,31,12,9.04,14,0,desktop,Edge,North,none,1,185,1
e24e2a0b-138a-4bbf-81ee-2ddddb85f8c3,60,9.98,38,59,32.05,12,10,desktop,Firefox,East,none,0,150,0
6bfa7dab-f0fa-4a46-bdd9-2b24b593c07e,65,3.47,37,25,42.4,10,5,desktop,Chrome,Central,none,0,238,0
9c9a2b5d-b3fd-4abe-ac43-b17fc3c49d50,34,11.87,8,70,5.66,12,7,desktop,Firefox,Central,none,0,133,1
58b57d5d-814b-4736-93e5-98ec0487f6c7,43,19.37,8,58,0.4,22,0,desktop,Firefox,West,gold,0,176,1
da7a2666-94e5-4222-9877-ef9d4557a955,53,3.87,13,139,52.51,19,12,tablet,Chrome,East,none,0,74,0
de5a1fe2-d609-4812-a077-29efeeb0ea95,18,0.46,19,139,3.07,3,5,tablet,Safari,South,silver,1,131,0
22debe61-1b73-44ba-abe7-be049975fb11,25,6.23,9,128,10.45,3,4,desktop,Firefox,North,platinum,1,275,0
e0eaccfa-aa6e-44f2-b2ed-76af7c433874,66,1.6,11,104,4.95,29,9,mobile,Safari,Central,silver,0,274,1
9040468d-76ea-449e-b1fb-026182a914c2,52,5.94,35,179,11.04,14,3,desktop,Chrome,North,platinum,0,240,0
b8812d8f-da45-4ada-b387-6ff65a432fb7,69,0.87,43,71,1.46,27,1,desktop,Firefox,Central,platinum,1,180,0
31f59752-dfbc-47cd-a01f-d18509167d6c,32,4.35,48,138,13.0,14,0,desktop,Chrome,South,gold,0,358,1
b5ef0713-e5ca-4eb5-b8a0-045b1848a22b,64,5.13,5,72,5.24,7,8,desktop,Safari,Central,silver,0,80,0
1f3c5b64-1aa1-47e6-81c9-17a807cec6c3,39,1.96,27,97,38.83,0,5,tablet,Firefox,Central,none,0,336,1
b75f4d32-5332-41e6-ba14-43dfd5a96b93,31,4.73,24,70,9.83,19,6,desktop,Firefox,West,none,0,81,0
87d4f83d-4750-4a08-a393-037a4fba39f1,43,16.98,23,78,4.45,5,1,mobile,Firefox,Central,platinum,0,361,0
dc9dcb69-2043-4e16-959d-b8f5029d417c,45,16.12,38,177,17.71,10,5,tablet,Chrome,East,none,0,130,0
2bd388fc-ff7b-4901-957b-00a3ea9bfa7f,40,27.92,44,162,18.01,5,10,desktop,Chrome,West,gold,0,317,0
647aae18-1ee2-4da2-9b2b-d2b48df954b1,31,6.32,37,72,8.13,2,0,mobile,Chrome,East,gold,0,218,0
0660ca0f-4ec9-49ed-9ec0-27875ef785d4,41,6.5,26,198,30.85,8,13,desktop,Safari,North,none,1,28,0
7f3d56ea-4ac7-4ce2-95be-1a9ef74fb62e,19,3.49,47,185,19.43,15,8,mobile,Safari,West,platinum,1,280,1
0699c843-7fc6-43c2-81a2-59757d314360,62,15.06,41,33,1.38,17,1,tablet,Safari,Central,silver,0,331,0
a3ec20a1-b31e-41c1-b3df-6f0f1bb0a61c,43,0.6,26,50,0.07,14,7,desktop,Safari,North,silver,0,268,0
8dc43226-50a1-45ed-af5b-a76d51d64eeb,31,5.83,35,151,12.02,24,14,tablet,Firefox,North,gold,1,219,1
64c6a43e-97a8-48dd-bb3c-e7470a31fc3d,68,22.62,8,36,28.84,29,5,mobile,Safari,West,silver,0,223,0
c7f0c59c-f709-4b30-8708-1bb4664d58b8,24,9.72,23,60,13.48,10,7,tablet,Safari,West,platinum,1,262,0
6b468a77-2a92-48a4-a0d4-ea8acd4d5fa3,20,3.54,23,2,25.03,15,7,desktop,Edge,Central,gold,1,166,0
ec761fbe-7098-4cc6-9591-280eeede9dbb,64,5.71,18,195,1.8,22,9,mobile,Firefox,North,gold,1,37,1
e3938117-d291-4909-9793-a46f0402dd1a,40,1.82,16,110,12.38,5,3,desktop,Chrome,South,platinum,1,75,0
4a69ed91-5823-4728-99ed-1f42986a6e67,63,13.77,49,94,10.05,10,5,mobile,Safari,Central,gold,0,270,0
ef3f0747-e7bd-473f-a7ef-4293261ac368,60,6.79,48,149,38.17,20,2,mobile,Safari,Central,none,0,353,0
a61cef64-e918-43b0-a22b-18fe704c0ebf,64,0.32,16,123,5.04,25,4,desktop,Chrome,Central,silver,0,104,0
0599a4dc-e26b-4c68-8b87-f336a8cf992d,62,0.65,47,195,23.13,11,5,mobile,Safari,West,silver,1,195,0
06fb0b9d-94cc-468b-9808-2a49266b6c10,35,7.44,42,116,1.89,3,8,desktop,Safari,Central,gold,0,113,0
91814302-7da4-4873-9394-0697b5f7c6ee,55,14.35,11,120,31.76,27,9,desktop,Safari,West,silver,0,259,0
